schadenjahr;kanton;gustavo;schadendatum;schadensumme;versicherungssumme;zweckcode_vkf;zweckgruppe;zweckbeschreibung;baujahr;stockwerk;schadencode;schadengruppe;schadenbeschreibung;todesopfer_anzahl;todesopfer_geschlecht_1;todesopfer_alter_1;todesopfer_geschlecht_2;todesopfer_alter_2;todesopfer_geschlecht_3;todesopfer_alter_3;todesopfer_geschlecht_4;todesopfer_alter_4;todesopfer_geschlecht_5;todesopfer_alter_5
2017;BE;1;18.03.2017;1119000;1850000;29;Gemischte Wohngebäude;Wohnhaus mit Gewerbe;1887;EG;22;Rauchzeug;Raucherwaren, Unachtsamkeit;1;w;23;;;;;;;;
2017;VS;1;07.05.2017;;;20;Reine Wohngebäude;Chalet;;;91;unbekannt;unbekannt;1;m;66;;;;;;;;
2017;VD;0;18.01.2017;200000;1283977;20;Reine Wohngebäude;Wohngeb. mit Erdgeschoss, 1. Stock u. Dachgeschoss;1824;;23;Kerzen;Kerze;1;w;77;;;;;;;;
2017;VD;0;27.01.2017;15000;7572585;20;Reine Wohngebäude;Immeuble d'habitation;1965;;53;unsachgemässe Verwendung von Apparaten;Lampe od. Zigarette im Kontakt mit Matratze;1;m;63;;;;;;;;
2017;VD;0;12.02.2017;165000;521980;20;Reine Wohngebäude;Immeuble d'habitation;1800;;91;unbekannt;Causes non encore déterminées;1;m;39;;;;;;;;
2017;VD;0;23.04.2017;1250000;1173100;29;Gemischte Wohngebäude;Wohnhaus mit Handeslgeschäft;1840;;91;unbekannt;Causes non encore déterminées;1;w;22;;;;;;;;
2017;SG;0;29.12.2017;50000;320000;20;Reine Wohngebäude;Einfamilienhaus, 2 Stockw., gemischte Bauweise;1919;;22;Rauchzeug;Raucherware;1;m;84;;;;;;;;
2017;ZH;0;01.01.2017;128000;2230000;20;Reine Wohngebäude;3 Etagen / 9 Wohnungen;1967;;21;Zündhölzer, Feuerzeuge;Feuerzeug;1;w;45;;;;;;;;
2017;FR;0;11.01.2017;50071;2197800;20;Reine Wohngebäude;3-stöckig;1989;;89;andere bekannte Ursachen, Übrige;Négligence ou imprudence;1;m;75;;;;;;;;
2017;GE;1;01.01.2017;;;20;Reine Wohngebäude;13-stöckig, harte Bauweise;;;23;Kerzen;Weihnachtsbaum mit Kerzen;1;w;83;;;;;;;;
2017;GE;1;01.01.2017;;;20;Reine Wohngebäude;5-stöckig, harte Bauweise;;;51;Mängel an Installationen;Feu d'origine électrique, câble sur le balcon;1;w;60;;;;;;;;
2017;GE;1;03.06.2017;;;20;Reine Wohngebäude;10-stöckig, harte Bauweise;;;91;unbekannt;Origine inconnue;2;w;76;w;45;;;;;;
2017;GE;1;07.11.2017;;;20;Reine Wohngebäude;6-stöckig, harte Bauweise;;;91;unbekannt;Origine inconnue;1;w;82;;;;;;;;
2016;AG;0;01.06.2016;;2865000;20;Reine Wohngebäude;MFH;2012;;73;Brandstiftung durch Unbekannte;;1;m;20;;;;;;;;
2016;LU;0;13.06.2016;438500;844000;20;Reine Wohngebäude;5-Fam.Haus, nicht massiv;1923;;23;Kerzen;;1;w;52;;;;;;;;
2016;LU;0;13.06.2016;438500;844000;20;Reine Wohngebäude;5-Fam.Haus, nicht massiv;1923;;23;Kerzen;;1;m;21;;;;;;;;
2016;NE;0;31.10.2016;9200;2750000;29;Gemischte Wohngebäude;1App. mit Atelier-Garage-Depot;1943;;42;Sprengstoffexplosion (ohne Anschläge);;1;m;24;;;;;;;;
2016;SO;0;20.01.2016;29019;1953510;72;Metall- und Maschinenindustrie;WH mit Werkstatt (Tankstelle);1900;;89;übrige bekannte Ursachen;Abbrand von Benzindämpfen;1;w;38;;;;;;;;
2016;SO;0;29.05.2016;96000;3050960;80;Hotelbetriebe;Hotel Löwen;1900;;22;Rauchzeug;;1;m;52;;;;;;;;
2016;VD;0;03.02.2016;3650000;7034080;20;Reine Wohngebäude;"Haus mit 4 Etagen, Sous-sol,
Dachboden, 18 Wohnungen";1986;;91;unbekannt;;1;m;21;;;;;;;;
2016;VD;0;24.05.2016;40000;957702;30;Landwirtschaft. Wohngebäude;Bauernhof mit Wohnhaus;1809;;12;Zimmeröfen;Holzofen;1;m;89;;;;;;;;
2016;ZH;0;07.01.2016;110000;1500000;20;Reine Wohngebäude;drei Etagen, 12 Wohnungen;1950;3;22;Rauchzeug;;1;m;66;;;;;;;;
2016;ZH;0;02.05.2016;34000;3700000;20;Reine Wohngebäude;drei Etagen, 15 Wohnungen;1952;3;91;unbekannt;;1;w;;;;;;;;;
2016;ZH;0;22.10.2016;151000;1250000;20;Reine Wohngebäude;EFH;1964;;39;übrige Selbsentzündungen;;1;m;31;;;;;;;;
2016;GE;1;10.09.2016;;;20;Reine Wohngebäude;WH mit 8 Etagen;;8;91;unbekannt;;1;w;69;;;;;;;;
2016;TI;1;20.11.2016;;;20;Reine Wohngebäude;MFH, 6 Etagen, massiv;;6;91;unbekannt;;1;m;84;;;;;;;;
2016;TI;1;06.12.2016;;;20;Reine Wohngebäude;MFH, 4 Etagen, massiv;;4;91;unbekannt;;1;m;79;;;;;;;;
2016;TI;1;17.12.2016;;;20;Reine Wohngebäude;WH, 6 Etagen, massiv;;6;91;unbekannt;;1;m;;;;;;;;;
2015;AR;0;22.11.2015;879000;1480500;20;Reine Wohngebäude;4-Fam.-Haus, Mischbauweise;1801;3;51;Mängel an Installationen;Überlastung (Überhitzung);1;m;52;;;;;;;;
2015;BE;1;09.12.2015;354000;517400;20;Reine Wohngebäude;EFH;1929;;23;Kerzen;Unvorsichtigkeit im Umgang;1;m;74;;;;;;;;
2015;FR;0;21.04.2015;10074;697900;20;Reine Wohngebäude;Villa individuelle;1992;;22;Rauchzeug;Mit Zigarette eingeschlafen;1;m;60;;;;;;;;
2015;LU;0;02.01.2015;386690;363000;29;Gemischte Wohngebäude;WH & Scheune, nicht massiv;1923;;91;unbekannt;;1;m;70;;;;;;;;
2015;LU;0;31.03.2015;3100;13310000;80;Hotelbetriebe;Hoteltrakt, massiv;1880;;42;Sprengstoffexplosion (ohne Anschläge);;1;m;;;;;;;;;
2015;LU;0;29.06.2015;14428;39283000;19;Übrige Verwaltungs-öffentliche Gebäude;Büro- und Schulgebäude;1991;7;72;Brandstiftung durch Dirttperson;;1;m;58;;;;;;;;
2015;NE;0;04.09.2015;50000;515000;20;Reine Wohngebäude;Maison individuelle;Vor 1902;;91;unbekannt;;1;m;69;;;;;;;;
2015;TG;0;16.07.2015;441278;1059000;20;Reine Wohngebäude;2-Fam.-Haus;;3;22;Rauchzeug;;1;m;50;;;;;;;;
2015;TG;0;14.10.2015;618500;653000;30;Landwirtschaft. Wohngebäude;Bauernhaus wohnen/Scheune;;3;91;unbekannt;in Abklärung;1;m;84;;;;;;;;
2015;VD;0;27.11.2015;100000;3128002;20;Reine Wohngebäude;Habitation collective;;;52;Mängel an Apparaten;Heizdecke;1;m;93;;;;;;;;
2015;VD;0;16.11.2015;110000;1034023;20;Reine Wohngebäude;Habitation collective;;2;22;Rauchzeug;;1;m;39;;;;;;;;
2015;VD;0;25.10.2015;90000;3306136;29;Gemischte Wohngebäude;Habitation - restaurant - ateliers;;4;23;Kerzen;;1;m;49;;;;;;;;
2015;VD;0;27.06.2015;145000;3247521;20;Reine Wohngebäude;;1954;4;22;Rauchzeug;;1;m;73;;;;;;;;
2015;ZH;0;08.02.2015;200000;5000000;20;Reine Wohngebäude;Wohnhaus;1947;4;22;Rauchzeug;;1;w;61;;;;;;;;
2015;ZH;0;29.11.2015;37000;36000000;29;Gemischte Wohngebäude;;1994;3;91;unbekannt;;1;w;;;;;;;;;
2015;GE;1;13.03.2015;;;20;Reine Wohngebäude;;;2;52;Mängel an Apparaten;Heizdecke;1;m;83;;;;;;;;
2015;SZ;1;20.03.2015;;;20;Reine Wohngebäude;EFH;;;91;unbekannt;;1;m;81;;;;;;;;
2015;TI;1;28.12.2015;;;20;Reine Wohngebäude;;;2;91;unbekannt;;1;w;90;;;;;;;;
2015;VS;1;14.05.2015;;;20;Reine Wohngebäude;;;;91;unbekannt;;1;w;81;;;;;;;;
2015;VS;1;27.05.2015;;;20;Reine Wohngebäude;;;;11;Cheminées;;1;m;42;;;;;;;;
2015;VS;1;01.10.2015;;;20;Reine Wohngebäude;;;;91;unbekannt;;1;m;82;;;;;;;;
2014;AR;0;05.12.2014;428500;428500;20;Reine Wohngebäude;EFH, Holzbau;ca. 1850;;89;übrige bekannte Ursachen;undichte Gasflasche;1;w;92;;;;;;;;
2014;BE;1;03.04.2014;690000;660000;30;Landwirtschaft. Wohngebäude;Bauernhaus, nicht massiv;1900;;22;Rauchzeug;Raucherwaren;3;m;70;w;70;m;27;;;;
2014;BE;1;27.12.2014;66000;2900000;20;Reine Wohngebäude;MFH, massiv;1974;3;91;unbekannt;noch nicht ermittelt;1;m;83;;;;;;;;
2014;BL;0;03.07.2014;17000;2731000;20;Reine Wohngebäude;Wohnhaus;1983;8;73;Brandstiftung durch Unbekannte;;1;m;50;;;;;;;;
2014;LU;0;26.08.2014;25000;5236000;29;Gemischte Wohngebäude;"MFH mit 12 Wohnungen, 3 Büros,
Kiosk im EG, im EG&UG Jugend-
räume";1978;;23;Kerzen;;1;w;76;;;;;;;;
2014;LU;0;31.08.2014;40000;909000;20;Reine Wohngebäude;Pfarrhaus;1974;;72;Brandstiftung durch Dirttperson;;1;m;62;;;;;;;;
2014;SG;0;26.02.2014;650000;1328000;29;Gemischte Wohngebäude;"Wohn- und Geschäftshaus,
feste Bauart";ca. 1919;6;91;unbekannt;;1;m;80;;;;;;;;
2014;SG;0;03.08.2014;390000;436000;20;Reine Wohngebäude;Reiheneinfamilienhaus;1984;3;91;unbekannt;;1;w;53;;;;;;;;
2014;SO;0;17.11.2014;;;20;Reine Wohngebäude;EFH;;2;59;übrige Elektrizität;Defekt am Stromkabel einer Lampe;1;m;76;;;;;;;;
2014;VD;0;08.03.2014;540000;565520.83;20;Reine Wohngebäude;;1951;2;91;unbekannt;;1;m;39;;;;;;;;
2014;VD;0;16.02.2014;40131;88218.17;90;Kleinbauten und Nebengebäude;Nebengebäude;;;91;unbekannt;;1;m;45;;;;;;;;
2014;VD;0;17.12.2014;;603373;20;Reine Wohngebäude;;1905;2;22;Rauchzeug;Zigaretten;1;m;58;;;;;;;;
2014;ZG;0;15.05.2014;68704;4993000;20;Reine Wohngebäude;20 Familienhaus;1973;;23;Kerzen;;1;w;43;;;;;;;;
2014;ZH;0;12.06.2014;32000;5600000;20;Reine Wohngebäude;Wohnhaus mit 29 WHG, massiv;1974;4;52;Mängel an Apparaten;Kaffeemaschine;1;m;30;;;;;;;;
2014;GE;1;02.04.2014;;;20;Reine Wohngebäude;Wohnhaus, massiv;;9;91;unbekannt;;1;w;39;;;;;;;;
2014;GE;1;17.11.2014;;;20;Reine Wohngebäude;Wohnhaus, massiv;1986-1987;3;91;unbekannt;;1;m;29;;;;;;;;
2013;AG;0;25.08.2013;9472;1732000;20;Reine Wohngebäude;MFH, massiv;1988;4;22;Rauchzeug;"unvorsichtiger Umgang mit
Raucherwaren (Zigaretten)";1;w;73;;;;;;;;
2013;BL;0;19.11.2013;18500;1226000;29;Gemischte Wohngebäude;Wohn- und Geschäftshaus;1970;8;22;Rauchzeug;;1;m;74;;;;;;;;
2013;BE;0;19.02.2013;600000;1573000;72;Metall- und Maschinenindustrie;"Werkstattgebäude + kl. Gastrober
massiv";1982;1;41;Gasexplosion;"illegale Lagerung v. Brenn- und
Treibstoffen";1;m;60;;;;;;;;
2013;BE;0;16.05.2013;15000;600000;30;Landwirtschaft. Wohngebäude;Wohn-, Oekonomieteil, n. massiv;1860;2;39;übrige Selbsentzündungen;"Unfall beim Verbrennen von
frittierölhaltigem Haushaltpapier";1;m;68;;;;;;;;
2013;FR;0;07.01.2013;657405;626100;20;Reine Wohngebäude;Freistehende Villa;1977;;41;Gasexplosion;Gas-Leck;1;w;44;;;;;;;;
2013;LU;0;15.02.2013;12113;328000;90;Kleinbauten und Nebengebäude;Autogarage, massive Bauart;1996;;39;übrige Selbsentzündungen;Strahlungswärme;1;m;59;;;;;;;;
2013;LU;0;29.10.2013;485000;535000;20;Reine Wohngebäude;EFH, massive Bauart;1971;3;91;unbekannt;Brandursache ungeklärt;1;w;70;;;;;;;;
2013;LU;0;21.11.2013;25000;2258000;29;Gemischte Wohngebäude;Wohn-& Geschäftshaus, massiv;1923;5;51;Mängel an Installationen;Steckerleiste;1;m;45;;;;;;;;
2013;ZH;0;13.01.2013;13100;846900;30;Landwirtschaft. Wohngebäude;Bauernhaus/1 Wohnung, massiv;1780;2;15;Rauchabzugsanlagen;;1;m;64;;;;;;;;
2013;ZH;0;06.03.2013;1050000;3417000;20;Reine Wohngebäude;MFH, massiv;1985;4;52;Mängel an Apparaten;;2;m;92;w;74;;;;;;
2013;ZH;0;11.03.2013;187000;3141300;20;Reine Wohngebäude;MFH, massiv;2004;3;22;Rauchzeug;Raucherwaren;1;m;63;;;;;;;;
2013;ZH;0;16.10.2013;295000;389000;20;Reine Wohngebäude;EFH, massiv;1814;2;51;Mängel an Installationen;;1;m;37;;;;;;;;
2013;GE;1;07.02.2013;;;20;Reine Wohngebäude;MFH, massiv;1960;8;91;unbekannt;;1;m;66;;;;;;;;
2013;GE;1;27.03.2013;;;20;Reine Wohngebäude;MFH, massiv;1963;15;91;unbekannt;;1;w;77;;;;;;;;
2013;GE;1;02.04.2013;;;20;Reine Wohngebäude;MFH, massiv;1930;6;91;unbekannt;;1;m;57;;;;;;;;
2013;TI;1;14.06.2013;;;20;Reine Wohngebäude;MFH;1960;;91;unbekannt;;1;w;93;;;;;;;;
2012;BE;0;13.01.2012;5500;9100000;13;Spitalgebäude, Pflegeheim;Alterszentrum, massiv;2011;3;22;Rauchzeug;Vermutlich Raucherware;1;;;;;;;;;;
2012;BE;0;16.01.2012;55000;3295500;20;Reine Wohngebäude;MFH, massiv;1970;5;22;Rauchzeug;;1;m;53;;;;;;;;
2012;BL;0;01.02.2012;207767;3910000;20;Reine Wohngebäude;MFH, massiv;1962;4;91;unbekannt;fahrlässige od. vorsätzliche Ursache;1;m;64;;;;;;;;
2012;FR;0;30.08.2012;598482.95;6591000;63;Nahrungs- und Genussmittel;Fabrik Lebensmittel/Kosmetik;2012;;41;Gasexplosion;;1;m;33;;;;;;;;
2012;GL;0;20.10.2012;250000;658000;20;Reine Wohngebäude;Reihenhaus;1900;3;89;übrige bekannte Ursachen;"Mutmasslich Selbstentzündung
evtl. Suizid";1;w;76;;;;;;;;
2012;LU;0;04.02.2012;146000;161000;20;Reine Wohngebäude;EFH;;2;39;übrige Selbsentzündungen;Strahlungswärme;1;m;84;;;;;;;;
2012;LU;0;30.03.2012;346416;533000;20;Reine Wohngebäude;EFH;1964;UG/EG;72;Brandstiftung durch Dirttperson;;1;w;45;;;;;;;;
2012;LU;0;22.10.2012;114800;1046000;20;Reine Wohngebäude;MFH;1958;;39;übrige Selbsentzündungen;Strahlungswärme;1;m;70;;;;;;;;
2012;NE;0;05.08.2012;22631;2619047;20;Reine Wohngebäude;MFH;1985;;59;übrige Elektrizität;Glühlampe;1;w;76;;;;;;;;
2012;NE;0;20.09.2012;35000;8048780;29;Gemischte Wohngebäude;"MFH mit div. Zusatzst.W. gem.
Tel.buch";1962;;22;Rauchzeug;Zigarette;1;w;75;;;;;;;;
2012;SO;0;13.11.2012;148700;545130;20;Reine Wohngebäude;MFH, gemischte Bauart;1850;4;59;übrige Elektrizität;Strahlungshitze von Halogenleuchte;1;w;73;;;;;;;;
2012;TG;0;18.08.2012;184000;4074000;29;Gemischte Wohngebäude;Wohn- und Geschäftshaus;1983;;22;Rauchzeug;Zigarette im Bett;1;m;55;;;;;;;;
2012;VD;0;01.01.2012;121561;4700800;29;Gemischte Wohngebäude;Wohn- und Geschäftshaus;1948;;22;Rauchzeug;Zigarette;1;m;64;;;;;;;;
2012;VD;0;06.10.2012;350000;903950;29;Gemischte Wohngebäude;Autogarage mit Appartement;1950;;49;übrige Explosionen;;2;m;18;m;33;;;;;;
2012;VD;0;04.12.2012;450000;446669;20;Reine Wohngebäude;;1998;;91;unbekannt;;1;m;90;;;;;;;;
2012;ZH;0;21.01.2012;60000;7220000;20;Reine Wohngebäude;MFH, massiv, mehr als 30 WHG;1976;11;52;Mängel an Apparaten;;1;w;87;;;;;;;;
2012;ZH;0;05.02.2012;495000;1348400;20;Reine Wohngebäude;MFH, massiv;1878;4;23;Kerzen;Vermutlich Kerze;1;m;50;;;;;;;;
2012;ZH;0;14.10.2012;43000;8205700;20;Reine Wohngebäude;MFH, massiv, mehr als 30 WHG;1969;10;22;Rauchzeug;;1;m;47;;;;;;;;
2012;GE;1;02.01.2012;;;13;Spitalgebäude, Pflegeheim;Unispital, HUG;;11;91;unbekannt;;1;w;;;;;;;;;
2012;GE;1;31.01.2012;;;20;Reine Wohngebäude;;;14;91;unbekannt;;1;w;80;;;;;;;;
2012;GE;1;17.03.2012;;;20;Reine Wohngebäude;;;3;91;unbekannt;;1;w;67;;;;;;;;
2012;SZ;1;19.03.2012;;;20;Reine Wohngebäude;Wohnhaus, Holz;1984;3;51;Mängel an Installationen;;3;w;4;w;9;w;80;;;;
2012;TI;1;16.09.2012;;;20;Reine Wohngebäude;MFH, massiv;;3;91;unbekannt;;1;m;34;;;;;;;;
2012;TI;1;29.10.2012;;;20;Reine Wohngebäude;MFH, massiv;;4;91;unbekannt;;1;m;91;;;;;;;;
2012;TI;1;08.11.2012;;;20;Reine Wohngebäude;EFH;;;91;unbekannt;;1;w;;;;;;;;;
2012;TI;1;22.02.2012;;;79;Übrige Industrie und Gewerbe;Industriegebäude;;;91;unbekannt;;1;m;17;;;;;;;;
2012;VS;1;04.02.2012;;;20;Reine Wohngebäude;;;;91;unbekannt;;1;;;;;;;;;;
2012;VS;1;24.12.2012;;;20;Reine Wohngebäude;;;;91;unbekannt;;1;;;;;;;;;;
2011;AG;0;02.08.2011;519583;479000;20;Reine Wohngebäude;Reihen-Einfamilienhaus;1970;;49;übrige Explosionen;;1;m;57;;;;;;;;
2011;AG;0;11.10.2011;301658;338000;20;Reine Wohngebäude;Einfamilienhaus;1948;;49;übrige Explosionen;;1;w;79;;;;;;;;
2011;BE;0;14.01.2011;32308.05;1240700;20;Reine Wohngebäude;"Zweistöckiges MFH mit
ausgebautem Dachstock";1957;2;22;Rauchzeug;;1;w;55;;;;;;;;
2011;BE;0;14.03.2011;68974.95;4286000;20;Reine Wohngebäude;Fünfstöckiges MFH mit Flachdach;1979;5;53;Unsachgemässe Verwendung von Apparaten;;1;m;54;;;;;;;;
2011;BE;0;19.06.2011;279000;2220000;79;Übrige Industrie und Gewerbe;Gefrierhausgebäude/Fabrikgeb.;1940;;22;Rauchzeug;;1;m;52;;;;;;;;
2011;BE;0;19.02.2011;;;90;Kleinbauten und Nebengebäude;Gartenhaus;;;91;unbekannt;Daten aufgrund von ARGUS Bericht;1;m;19;;;;;;;;
2011;JU;0;23.03.2011;100000;450100;20;Reine Wohngebäude;"Einfamilienhaus; nicht massiv";1850;;22;Rauchzeug;Zigarette;1;w;81;;;;;;;;
2011;NE;0;14.01.2011;32000;4786340;20;Reine Wohngebäude;Mehrfamilienhaus;1967;;23;Kerzen;;1;m;35;;;;;;;;
2011;SG;0;13.10.2011;255000;731000;20;Reine Wohngebäude;WH mit Einliegerwohnung;1950;2;53;Unsachgemässe Verwendung von Apparaten;Pfanne auf Herd vergessen;1;w;41;;;;;;;;
2011;SG;0;01.10.2011;13500;3164000;29;Gemischte Wohngebäude;Geschäfts-/ Wohnhaus;1953;;53;Unsachgemässe Verwendung von Apparaten;Pfanne auf Herd vergessen;1;m;60;;;;;;;;
2011;SG;0;28.02.2011;74500;3404100;79;Übrige Industrie und Gewerbe;Lagerhalle;1953;;73;Brandstiftung durch Unbekannte;Brandstiftung;1;m;34;;;;;;;;
2011;SO;0;18.01.2011;326000;628000;20;Reine Wohngebäude;Mehrfamilienhaus;1756;;22;Rauchzeug;;1;w;45;;;;;;;;
2011;SO;0;18.12.2011;305000;369000;20;Reine Wohngebäude;Einfamilienhaus;;;29;übrige bstimmungsmässiges Feuer;Fettbrand;1;w;70;;;;;;;;
2011;VD;0;25.10.2011;5000000;5311267;20;Reine Wohngebäude;Reihenhäuser;1868;7;41;Gasexplosion;Gasexplosion;2;w;31;w;5;;;;;;
2011;VD;0;28.04.2011;1550000;1918331;20;Reine Wohngebäude;Reihenhäuser;1850;4;22;Rauchzeug;Mit einer Zigarette eingeschlafen;1;w;21;;;;;;;;
2011;VD;0;13.07.2011;10000;78954;20;Reine Wohngebäude;Chalet;1973;;41;Gasexplosion;"Gasexplosion wegen Leck
im Durchlauferhitzer";1;m;70;;;;;;;;
2011;ZH;0;08.10.2011;54000;8573600;20;Reine Wohngebäude;"Mehrfamilienhaus; Massivbau";1969;10;23;Kerzen;;1;w;77;;;;;;;;
2011;ZH;0;04.12.2011;1173000;;20;Reine Wohngebäude;"Riegelhaus mit
Einliegerwohnungen";1870;;91;unbekannt;bis jetzt noch nicht geklärt;1;m;69;;;;;;;;
2011;AI;1;01.12.2011;500000;500000;20;Reine Wohngebäude;"Einfamilienhaus; Holzbau";1973;;91;unbekannt;"nicht ganz klar, auf Meldung 
steht technisch";1;w;68;;;;;;;;
2011;VS;1;15.06.2011;;;20;Reine Wohngebäude;;;3;91;unbekannt;;1;w;47;;;;;;;;
2011;TI;1;09.03.2011;;;20;Reine Wohngebäude;Einfamilienhaus;;3;51;Mängel an Installationen;"Brandursache nicht ganz klar,
aber VERMUTLICH Code 51";2;w;65;m;24;;;;;;
2010;AG;0;22.04.2010;156709.6;708000;20;Reine Wohngebäude;Mehrfamilienhaus;1914;;22;Rauchzeug;brennende Zigarette;1;w;54;;;;;;;;
2010;AG;0;28.12.2010;652163;680000;29;Gemischte Wohngebäude;Mehrfamilienhaus, Magazin;1891;;91;unbekannt;Ursache unbekannt;1;m;49;;;;;;;;
2010;BE;0;14.02.2010;757000;817900;30;Landwirtschaft. Wohngebäude;Bauernhaus;1778;;12;Zimmeröfen;Unfall od. Fahrl. mit Schwedenofen;1;m;89;;;;;;;;
2010;BE;0;16.02.2010;827000;879800;20;Reine Wohngebäude;Einfamilienhaus;1937;;52;Mängel an Apparaten;El. Defekt im Keller;2;m;76;w;75;;;;;;
2010;BE;0;11.09.2010;327800;310000;30;Landwirtschaft. Wohngebäude;Weidhaus;1904;;23;Kerzen;Fahrl. mit Kerzen od. Holzofen;1;w;45;;;;;;;;
2010;GL;0;15.08.2010;700000;733000;20;Reine Wohngebäude;Einfamilienhaus;;;42;Sprengstoffexplosion (ohne Anschläge);Explosion durch Sprengstoff;1;m;59;;;;;;;;
2010;SZ;1;15.01.2010;340000;;30;Landwirtschaft. Wohngebäude;Einfamilienhaus Bauernhaus;;;91;unbekannt;Fahrl. im Umgang mit Feuer;1;w;46;;;;;;;;
2010;VD;0;14.02.2010;1900000;1786870;29;Gemischte Wohngebäude;Chalet mit Garage;2008;;91;unbekannt;unmöglich festzustellen;1;m;64;;;;;;;;
2010;ZH;0;08.10.2010;118000;10612200;20;Reine Wohngebäude;Alterssiedlung;;;22;Rauchzeug;Daten aufgrund von ARGUS Bericht;1;m;;;;;;;;;
2010;ZH;0;27.02.2010;770000;1947500;20;Reine Wohngebäude;Mehrfamilienhaus;;;22;Rauchzeug;Daten aufgrund von ARGUS Bericht;1;m;62;;;;;;;;
2010;VD;0;11.03.2010;;;13;Spitalgebäude, Pflegeheim;Gefängnis;;;29;übrige bstimmungsmässiges Feuer;"Hat seine Matratze angezündet
(Daten aufgrund von ARGUS Bericht)";1;m;30;;;;;;;;
2010;GE;1;22.01.2010;;;;keine Angabe;;;;;;Daten aufgrund von ARGUS Bericht;1;m;53;;;;;;;;
2009;SH;0;20.05.2009;196100;2460000;20;Reine Wohngebäude;MFH;1973;;59;übrige Elektrizität;TV auf Stand-By;1;m;65;;;;;;;;
2009;SH;0;19.12.2009;70000;2402000;81;Gastwirtschaftsbetriebe;;;;29;übrige bstimmungsmässiges Feuer;Pfanne als Friteuse verwendet;1;m;21;;;;;;;;
2009;SZ;1;03.04.2009;;;20;Reine Wohngebäude;Wohnhaus;;;49;übrige Explosionen;;1;m;;;;;;;;;
2009;SO;0;28.02.2009;72400;272970;20;Reine Wohngebäude;Wohnhaus;1900;1;12;Zimmeröfen;unsachgemässer Umgang mit Petrolofen;1;m;39;;;;;;;;
2009;SO;0;21.01.2009;8038.5;652050;20;Reine Wohngebäude;Wohnhaus;;1;23;Kerzen;unsachgemässer Umgang mit Teekerzen;1;w;69;;;;;;;;
2009;TI;1;11.10.2009;;;20;Reine Wohngebäude;Mehrfamilienhaus;;;91;unbekannt;;1;w;;;;;;;;;
2009;TI;1;27.11.2009;;;20;Reine Wohngebäude;Mehrfamilienhaus;;;91;unbekannt;;1;w;;;;;;;;;
2009;VD;0;20.04.2009;115633;376318;20;Reine Wohngebäude;Wohnhaus;1967;;91;unbekannt;;1;w;70;;;;;;;;
2009;VD;0;04.06.2009;280000;1390697;30;Landwirtschaft. Wohngebäude;"Bâtiment agrcole avec
habitation sans autres usages";1900;;23;Kerzen;"La victime s'est
vraisemblablement endormie
avec une bougie";1;w;31;;;;;;;;
2009;BE;0;20.05.2009;123100;552600;20;Reine Wohngebäude;Wohnhaus;1974;;53;Unsachgemässe Verwendung von Apparaten;Unachtsamkeit;1;w;81;;;;;;;;
2009;BE;0;01.07.2009;335000;1579100;20;Reine Wohngebäude;Wohnhaus;1976;;41;Gasexplosion;;1;w;55;;;;;;;;
2009;BE;0;10.12.2009;80000;1363200;20;Reine Wohngebäude;Wohnhaus;1948;;22;Rauchzeug;Unachtsamkeit mit Raucherwaren;1;m;58;;;;;;;;
2009;BE;0;20.12.2009;48000;3665700;29;Gemischte Wohngebäude;Wohnhaus mit Gewerbe;1969;;91;unbekannt;Unbekannte Ursache;1;w;88;;;;;;;;
2009;NE;0;18.12.2009;200000;442390;20;Reine Wohngebäude;Wohnhaus;1907;1;91;unbekannt;Unbekannte Ursache;2;w;63;m;80;;;;;;
2009;JU;0;08.08.2009;295000;327600;20;Reine Wohngebäude;Wohnhaus;1900;;22;Rauchzeug;;1;m;57;;;;;;;;
2009;JU;0;30.10.2009;250000;931800;29;Gemischte Wohngebäude;Wohnhaus mit Garage;1890;;59;übrige Elektrizität;;1;w;80;;;;;;;;
2009;GE;1;12.01.2009;;;20;Reine Wohngebäude;Wohnhaus;1961;;22;Rauchzeug;Mit Zigarette im Bett eingeschlafen;1;m;74;;;;;;;;
2009;ZH;0;13.01.2009;1300;2973100;20;Reine Wohngebäude;Wohnhaus;1970;UG;91;unbekannt;Brand in 2 Kellerabteilen;1;m;60;;;;;;;;
2009;ZH;0;08.03.2009;200000;2610100;29;Gemischte Wohngebäude;"Wohnhaus mit Restaurant
und Coiffeursalon";1912;;22;Rauchzeug;Zigarettenbrand;1;w;51;;;;;;;;
2009;ZH;0;16.03.2009;0;30448200;13;Spitalgebäude, Pflegeheim;Krankenheim;1976;;22;Rauchzeug;Kleider fingen Feuer;1;m;83;;;;;;;;
2009;SG;0;27.06.2009;100000;810000;20;Reine Wohngebäude;Wohnhaus;1919;;22;Rauchzeug;Rauchen im Bett;2;w;30;m;39;;;;;;
2008;BE;0;12.04.2008;845000;845900;30;Landwirtschaft. Wohngebäude;Bauernhaus;1900;;15;Rauchabzugsanlagen;Glanzruss/Kamin;1;;;;;;;;;;
2008;BE;0;19.12.2008;80000;1579100;29;Gemischte Wohngebäude;Wohnhaus mit Lager;1954;;91;unbekannt;;1;;;;;;;;;;
2008;BL;0;15.11.2008;1650000;1611000;81;Gastwirtschaftsbetriebe;Tanz- und Spiellokal, Disco;1651;;73;Brandstiftung durch Unbekannte;;2;w;20;w;29;;;;;;
2008;GR;0;22.01.2008;2360000;2619300;20;Reine Wohngebäude;4 Stockwerke (Mischbau);1900;;52;Mängel an Apparaten;Hitzestau;2;w;24;w;24;;;;;;
2008;GR;0;27.12.2008;830000;825200;20;Reine Wohngebäude;Einfamilienhaus;1900;;53;Unsachgemässe Verwendung von Apparaten;Elektrischer Heizlüfter;1;w;82;;;;;;;;
2008;JU;0;18.10.2008;900000;2708300;29;Gemischte Wohngebäude;Wohnhaus mit Restaurant;1870;;53;Unsachgemässe Verwendung von Apparaten;Pfanne auf Herd;1;m;37;;;;;;;;
2008;LU;0;18.06.2008;3316;9647000;13;Spitalgebäude, Pflegeheim;Altersheim;1990;;22;Rauchzeug;Zigarette;1;w;72;;;;;;;;
2008;LU;0;01.04.2008;33000;104000;29;Gemischte Wohngebäude;Wohnhaus mit Ökogebäude;1923;;91;unbekannt;;1;w;74;;;;;;;;
2008;LU;0;11.02.2008;2750;7843000;29;Gemischte Wohngebäude;Gewerbegebäude m. Wohnung;1987;;41;Gasexplosion;;1;m;48;;;;;;;;
2008;SG;0;29.09.2008;100000;2746000;29;Gemischte Wohngebäude;MFH mit Restaurant;1990;;22;Rauchzeug;;1;m;40;;;;;;;;
2008;SO;0;16.06.2008;199520;17309500;29;Gemischte Wohngebäude;Gewerbehaus m. Attika-Whg;1992;;52;Mängel an Apparaten;Hitzestau;1;m;75;;;;;;;;
2008;SO;0;15.08.2008;60000;443000;20;Reine Wohngebäude;Wohnhaus;1900;;51;Mängel an Installationen;techn. Defekt;1;m;58;;;;;;;;
2008;VD;0;13.03.2008;130000;1783768;29;Gemischte Wohngebäude;Wohnhaus mit Industrie;1946;;91;unbekannt;;1;m;50;;;;;;;;
2008;VD;0;30.09.2008;90000;18932088;29;Gemischte Wohngebäude;Wohnhaus mit Industrie;1964;;22;Rauchzeug;Zigarette;1;w;65;;;;;;;;
2008;VD;0;01.10.2008;1100000;1137067;20;Reine Wohngebäude;Chalet;1972;;91;unbekannt;;1;m;60;;;;;;;;
2008;ZH;0;11.02.2008;22000;5104500;20;Reine Wohngebäude;Wohnhaus;1964;;23;Kerzen;Kerzenbrand;1;w;74;;;;;;;;
2008;ZH;0;22.02.2008;0;3012700;20;Reine Wohngebäude;Wohnhaus;1994;;22;Rauchzeug;Zigarettenbrand;1;w;88;;;;;;;;
2008;ZH;0;22.05.2008;73000;2874200;20;Reine Wohngebäude;Wohnhaus;1952;;52;Mängel an Apparaten;Fernsehbrand;1;w;80;;;;;;;;
2008;ZH;0;21.06.2008;0;626400;20;Reine Wohngebäude;Wohnhaus;2003;;91;unbekannt;nicht schlüssig geklärt;1;m;37;;;;;;;;
2008;ZH;0;14.12.2008;0;1791500;29;Gemischte Wohngebäude;Wohnhaus mit Büro;1960;;23;Kerzen;Kleider fingen Feuer an K.;1;m;1;;;;;;;;
2008;UR;1;23.04.2008;0;19815000;13;Spitalgebäude, Pflegeheim;Alters - Pflegeheim;2007;;22;Rauchzeug;Rauchen in Wintergarten;1;m;;;;;;;;;
2008;VS;1;22.01.2008;;;20;Reine Wohngebäude;MFH;;;91;unbekannt;;1;w;83;;;;;;;;
2007;ZH;0;23.05.2007;170000;2456000;29;Gemischte Wohngebäude;Wohnhaus mit Restaurant;1825;;29;übrige bstimmungsmässiges Feuer;Benzin verschüttet;1;m;53;;;;;;;;
2007;ZH;0;14.11.2007;6000000;9900000;81;Gastwirtschaftsbetriebe;dito;1786;;91;unbekannt;Zunfthausbrand;1;m;44;;;;;;;;
2007;AG;0;25.04.2007;631450;643000;20;Reine Wohngebäude;Wohnhaus, Anbau Verand;1902;;91;unbekannt;;1;m;55;;;;;;;;
2007;BE;0;23.02.2007;700000;700000;20;Reine Wohngebäude;EFH freistehend;1993;;59;übrige Elektrizität;Elek. App., Fernseher;1;w;83;;;;;;;;
2007;BE;0;06.08.2007;50000;430000;20;Reine Wohngebäude;MFH;1750;;22;Rauchzeug;Raucherwaren;1;w;82;;;;;;;;
2007;BL;0;24.12.2007;1124000;1748000;29;Gemischte Wohngebäude;Wohnhaus mit Gastgewerbe;1858;;91;unbekannt;;1;m;2;;;;;;;;
2007;BS;0;01.01.2007;10110;10378000;29;Gemischte Wohngebäude;MFH mit Büros/Praxen & AEH;1957;;23;Kerzen;Brand eines Christbaumes;1;m;90;;;;;;;;
2007;BS;0;19.02.2007;81948;2825000;29;Gemischte Wohngebäude;MFH mit Büros;1972;;22;Rauchzeug;;1;m;28;;;;;;;;
2007;BS;0;18.07.2007;221017;4124000;29;Gemischte Wohngebäude;MFH mit Büros und AEH;1980;;22;Rauchzeug;Raucherwaren;1;m;62;;;;;;;;
2007;BS;0;23.07.2007;3500000;6919000;20;Reine Wohngebäude;4 teiliges MFH;1959;;89;übrige bekannte Ursachen;Flugzeugunfall;1;m;58;;;;;;;;
2007;FR;0;15.09.2007;16300;3036000;20;Reine Wohngebäude;;1966;;59;übrige Elektrizität;Kochplatte (unvorsichtig);1;w;40;;;;;;;;
2007;GE;1;22.04.2007;;;20;Reine Wohngebäude;Wohnhaus;1961-70;;91;unbekannt;;1;m;41;;;;;;;;
2007;GE;1;16.01.2007;;;19;Übrige Verwaltungs-öffentliche Gebäude;Wohnheim;1919-45;;29;übrige bstimmungsmässiges Feuer;Matratze hat Feuer gefangen;1;w;29;;;;;;;;
2007;LU;0;22.09.2007;147000;147000;20;Reine Wohngebäude;älteres MFH, 2 Stockwerke;1923;;23;Kerzen;;1;m;20;;;;;;;;
2007;SG;0;03.06.2007;250000;365400;20;Reine Wohngebäude;EFH, 2 Stockwerke;;;91;unbekannt;;1;w;84;;;;;;;;
2007;VD;0;22.02.2007;760000;834476;20;Reine Wohngebäude;;1981;;22;Rauchzeug;eingeschlafen mit Zigarette;1;w;76;;;;;;;;
2007;VD;0;07.04.2007;24561;563048;20;Reine Wohngebäude;;1930;;72;Brandstiftung durch Dirttperson;;1;w;37;;;;;;;;
2007;VD;0;02.10.2007;7113;59864519;20;Reine Wohngebäude;MFH;1987;;23;Kerzen;;1;w;87;;;;;;;;
2007;VD;0;06.11.2007;215000;566513;20;Reine Wohngebäude;;1968;;91;unbekannt;;1;w;85;;;;;;;;
2007;VS;1;08.01.2007;;;20;Reine Wohngebäude;Haus;;;; ;;1;m;;;;;;;;;
2007;VS;1;06.12.2007;;;20;Reine Wohngebäude;Appartement;;;; ;;1;m;;;;;;;;;
2007;VS;1;30.12.2007;;;20;Reine Wohngebäude;Appartement;;;; ;;1;m;;;;;;;;;
2006;AG;0;05.06.2006;188249;432000;20;Reine Wohngebäude;Einfamilienhaus;1944;;23;Kerzen;;1;m;77;;;;;;;;
2006;BE;0;06.07.2006;480000;505500;20;Reine Wohngebäude;EFH;1850;;59;übrige Elektrizität;Strahlungswärme von Lampe auf Wäsche;1;w;28;;;;;;;;
2006;BE;0;07.08.2006;58000;2522600;20;Reine Wohngebäude;MFH;1976;;22;Rauchzeug;Rauchen;1;m;38;;;;;;;;
2006;BE;0;24.12.2006;485250;602300;29;Gemischte Wohngebäude;Wohnhaus mit Verkaufsgeschäft;1850;;52;Mängel an Apparaten;Defekter Geschirrspüler;1;m;76;;;;;;;;
2006;BL;0;11.04.2006;233000;208000;20;Reine Wohngebäude;Einfamilienhaus;1750;4;90;unbekannt;;1;w;52;;;;;;;;
2006;BS;0;15.02.2006;194361;1811000;29;Gemischte Wohngebäude;MFH mit Büros/Werkstatt;1967;2./3.;73;Brandstiftung durch Unbekannte;;1;m;27;;;;;;;;
2006;BS;0;29.05.2006;300000;9563000;29;Gemischte Wohngebäude;2-teiliges Wohnhaus, Restaurant im EG;1968;;23;Kerzen;;1;m;65;;;;;;;;
2006;BS;0;17.06.2006;1000000;1101000;29;Gemischte Wohngebäude;Büro, Wohnhaus;1976;;51;Mängel an Installationen;technischer Defekt (Mehrfachstecker);1;w;68;;;;;;;;
2006;JU;0;04.06.2006;180000;170000;20;Reine Wohngebäude;Habitation;< 1900;;51;Mängel an Installationen;;1;m;60;;;;;;;;
2006;NE;0;09.11.2006;50000;5530000;20;Reine Wohngebäude;Immeuble locatif en PPE;1965;;23;Kerzen;;1;w;58;;;;;;;;
2006;VD;0;19.03.2006;65000;4413610;20;Reine Wohngebäude;Habitation;1946;;22;Rauchzeug;Mit Zigarette im Mund eingeschlafen;1;m;52;;;;;;;;
2006;VD;0;03.04.2006;155732;2382169;20;Reine Wohngebäude;Habitation;1945;;22;Rauchzeug;Zigaretten;1;f;25;;;;;;;;
2006;VD;0;01.12.2006;5000;11628230;20;Reine Wohngebäude;Habitation;1974;;22;Rauchzeug;Zigaretten;1;m;34;;;;;;;;
2006;ZG;0;12.04.2006;4864000;480;20;Reine Wohngebäude;14-Familienappartementhaus;1988;;89;übrige bekannte Ursachen;Brand Morgenmantel;1;w;80;;;;;;;;
2006;ZH;0;15.06.2006;892600;;20;Reine Wohngebäude;;1929;;19;übrige Feuerungsanlagen;Hantieren am Gasherd;1;w;85;;;;;;;;
2006;GE;1;13.05.2006;;;20;Reine Wohngebäude;;;;23;Kerzen;;1;f;75;;;;;;;;
2006;GE;1;19.06.2006;;;20;Reine Wohngebäude;;1900;;90;unbekannt;;1;f;50;;;;;;;;
2006;GE;1;07.07.2006;;;19;Übrige Verwaltungs-öffentliche Gebäude;Office pénitentiaire;1974;;72;Brandstiftung durch Dirttperson;;2;m;38;m;26;;;;;;
2006;VS;1;02.04.2006;;;20;Reine Wohngebäude;Haus;;;; ;;1;w;24;;;;;;;;
2006;VS;1;02.04.2006;;;20;Reine Wohngebäude;Haus;;;; ;;1;m;42;;;;;;;;
2006;VS;1;29.05.2006;;;39;Übrige landwirtschaftl. Gebäude;Scheune;;;; ;;1;m;79;;;;;;;;
2006;VS;1;25.08.2006;;;20;Reine Wohngebäude;Villa;;;; ;;1;m;91;;;;;;;;
2005;AG;0;30.03.2005;575573;1229000;20;Reine Wohngebäude;Wohnhaus;1882;;23;Kerzen;vergessene Kerze;4;m;30;;;;;;;;
2005;AG;0;09.11.2005;11498;1207000;79;Übrige Industrie und Gewerbe;Wäschereigebäude;1908;;49;übrige Explosionen;Kopfverletzung durch weggeschleuderten Schachtdeckel;1;m;53;;;;;;;;
2005;AR;0;15.11.2005;336900;336900;20;Reine Wohngebäude;Einfamilienhaus, Holzbau;1910;3;51;Mängel an Installationen;vermutl. elektr. Defekt;1;w;3;;;;;;;;
2005;BE;0;12.12.2005;500000;1800000;20;Reine Wohngebäude;Wohnhaus, nichtmassiv;1774;;23;Kerzen;Unachtsamkeit;3;w;34;;;;;;;;
2005;BL;0;18.07.2005;30000;975000;10;Bürogebäude;Giesserei, Bürogebäude;1917;;49;übrige Explosionen;Explosion;1;m;41;;;;;;;;
2005;BL;0;07.10.2005;11000;289000;20;Reine Wohngebäude;EFH;1985;;39;übrige Selbsentzündungen;Akten auf Herd;1;m;69;;;;;;;;
2005;BS;0;15.06.2005;96280;5952000;20;Reine Wohngebäude;Wohnung, Wohnhaus;1955;;22;Rauchzeug;Rauchen;1;m;35;;;;;;;;
2005;BS;0;21.11.2005;0;1512000;20;Reine Wohngebäude;Wohnhaus;1948;;39;übrige Selbsentzündungen;Entzündung v. Kleidern in Küche;1;w;85;;;;;;;;
2005;FR;0;21.09.2005;113000;293200;20;Reine Wohngebäude;Wohnung ;1977;2;91;unbekannt;unbekannt;1;w;92;;;;;;;;
2005;LU;0;01.01.2005;121517;2525000;20;Reine Wohngebäude;13-Fam. Haus;1964;7;23;Kerzen;Wunderkerze;1;w;85;;;;;;;;
2005;NE;0;03.11.2005;150000;1780000;20;Reine Wohngebäude;5 Wohnungen;1976;;22;Rauchzeug;Zigarettenstummel;1;w;59;;;;;;;;
2005;SG;0;12.09.2005;200000;1049000;20;Reine Wohngebäude;6-Fam. Haus;;3;91;unbekannt;unbekannt;2;m;84;;;;;;;;
2005;SO;0;09.02.2005;32834;1151900;20;Reine Wohngebäude;Mehrfamilienhaus;1970;;53;Unsachgemässe Verwendung von Apparaten;Heizlüfter;1;m;84;;;;;;;;
2005;TG;0;22.05.2005;246100;376000;20;Reine Wohngebäude;EFH, gemauert;1983;;52;Mängel an Apparaten;Fernsehapparat;1;w;83;;;;;;;;
2005;VD;0;23.02.2005;489702;489702;20;Reine Wohngebäude;Wohnhaus;1978;;39;übrige Selbsentzündungen;Kleider auf Heizung;2;w;9;;;;;;;;
2005;VD;0;22.02.2005;23688;3026343;20;Reine Wohngebäude;Wohnhaus;1961;;91;unbekannt;evtl. mit Zigarette eingeschl.;1;m;45;;;;;;;;
2005;VD;0;17.06.2005;55275;1472031;20;Reine Wohngebäude;altes Haus, 5 Wohnungen;;2;91;unbekannt;evtl. nicht gelöschte Zigarette;1;w;37;;;;;;;;
2005;ZH;0;30.01.2005;173000;875000;20;Reine Wohngebäude;MFH, Bauart hart;1964;;23;Kerzen;Kerzenbrand;1;m;33;;;;;;;;
2005;ZH;0;10.05.2005;47000;1335000;76;Gebäude für Ver- und Entsorgung;Bauart hart;1942;;59;übrige Elektrizität;programmgemässes Hanterien an Sicherungseinheit;1;m;60;;;;;;;;
2005;ZH;0;23.06.2005;6500;899000;20;Reine Wohngebäude;Asylantenunterkunft, Bauart hart;1875;;91;unbekannt;unbekannt;1;m;;;;;;;;;
2005;FL;1;01.03.2005;500000;;20;Reine Wohngebäude;Wohnhaus;1970;3;91;unbekannt;unbekannt;1;m;37;;;;;;;;
2005;GE;1;29.11.2005;;;20;Reine Wohngebäude;mehrere Wohnungen;1961;;91;unbekannt;Kerze oder Zigarette;1;w;68;;;;;;;;
2004;NW;0;09.01.2004;330000;1075000;20;Reine Wohngebäude;3-Familienhaus;1940;;52;Mängel an Apparaten;Alter Kochherd;1;w;86;;;;;;;;
2004;VD;0;18.01.2004;480783;530743;20;Reine Wohngebäude;Wohnhaus/Chalet;1987;3;22;Rauchzeug;Eingeschlafen m. Zigarette;1;m;36;;;;;;;;
2004;OW;1;20.01.2004;9000000;9000000;80;Hotelbetriebe;3 Stockwerke, Holz;1900;3;73;Brandstiftung durch Unbekannte;Brandstiftung;2;w;23;w;57;;;;;;
2004;SO;0;09.02.2004;;;20;Reine Wohngebäude;Merhrfamilienhaus;;;53;Unsachgemässe Verwendung von Apparaten;Heizlüfter;1;m;84;;;;;;;;
2004;BE;0;13.02.2004;295000;1893000;19;Übrige Verwaltungs-öffentliche Gebäude;Zivilschutzgebäude;1989;;22;Rauchzeug;Raucherwaren;1;m;38;;;;;;;;
2004;LU;0;23.02.2004;38200;4184000;29;Gemischte Wohngebäude;Wohn- und Geschäftshasu;;7;22;Rauchzeug;Zigaretten;1;w;74;;;;;;;;
2004;ZH;0;26.02.2004;41000;2340000;20;Reine Wohngebäude;Wohnhaus;1954;;71;Brandstiftung durch Eigentümer oder nahestehende Person;Anzünden v. Mobiliar;1;m;56;;;;;;;;
2004;LU;0;29.02.2004;47000;81000;39;Übrige landwirtschaftl. Gebäude;Oekonomiegebäude;1923;2;71;Brandstiftung durch Eigentümer oder nahestehende Person;Anzünden v. Propangas;1;m;61;;;;;;;;
2004;VD;0;15.03.2004;30000;2604159;79;Übrige Industrie und Gewerbe;Gewerbegebäude;1992;;22;Rauchzeug;Eingeschlafen m. Zigarette;1;m;56;;;;;;;;
2004;ZH;0;31.03.2004;423300;4111600;20;Reine Wohngebäude;Wohnhaus;1910;;91;unbekannt;unbekannt/Brandstiftung;1;w;75;;;;;;;;
2004;BE;0;16.05.2004;45000;5300000;29;Gemischte Wohngebäude;Wohnhaus mit Gewerbe;1961;3;71;Brandstiftung durch Eigentümer oder nahestehende Person;Brandstiftung;1;w;67;;;;;;;;
2004;BE;0;20.05.2004;1000000;1328000;20;Reine Wohngebäude;Wohnhaus massiv;1926;;41;Gasexplosion;Fahrlässe Verursachung;2;m;27;m;41;;;;;;
2004;GE;1;03.07.2004;;;20;Reine Wohngebäude;Haus für Abbruch;;;91;unbekannt;unbekannt, Verbrennungen;1;m;56;;;;;;;;
2004;LU;0;06.06.2004;3700;27000;39;Übrige landwirtschaftl. Gebäude;Oekonomiegebäude;1923;1;71;Brandstiftung durch Eigentümer oder nahestehende Person;Anzünden v. Benzin;1;m;52;;;;;;;;
2004;GR;0;16.06.2004;7691;2405000;79;Übrige Industrie und Gewerbe;Unterwerk (EW Davos);1972;;59;übrige Elektrizität;Stromstoss;1;m;54;;;;;;;;
2004;GE;1;20.06.2004;;;13;Spitalgebäude, Pflegeheim;Alters- und Pflegeheim;1976;;91;unbekannt;unbekannt, Verbrennungen;1;m;;;;;;;;;
2004;AG;0;15.07.2004;397682;750000;20;Reine Wohngebäude;Zweifamilienhaus;1945;;52;Mängel an Apparaten;Defektes Mikrowellengerät;1;w;70;;;;;;;;
2004;BE;0;19.07.2004;25000;1753200;29;Gemischte Wohngebäude;Wohnhaus mit Gewerbe;1962;;53;Unsachgemässe Verwendung von Apparaten;Elektrofunken/Lösungsmitteldämpfe;1;w;57;;;;;;;;
2004;SO;0;27.11.2004; ; ;20;Reine Wohngebäude;Wohnhaus mit Garage; ;1;19;übrige Feuerungsanlagen;Einsturz der Parkgarage wegen Feuer;7; ; ;;;;;;;;
2004;FR;0;25.08.2004;20453;474500;20;Reine Wohngebäude;1 Wohnung, 1 Studiowhg.;1500;3;39;übrige Selbsentzündungen;Fahrlässe Verursachung;1;m;34;;;;;;;;
2004;BL;0;31.08.2004;240000;8451000;79;Übrige Industrie und Gewerbe;Büro- Gewerbehaus;1988;;19;übrige Feuerungsanlagen;Verpuffung;1;m;64;;;;;;;;
2004;VD;0;23.10.2004;70000;13977076;20;Reine Wohngebäude;Wohnhaus;1971;9;23;Kerzen;Kerze auf Balkon;1;w;79;;;;;;;;
2004;GR;0;04.11.2004;220000;404000;20;Reine Wohngebäude;Einfamilienhaus;1925;;91;unbekannt;unbekannt;1;w;92;;;;;;;;
2004;SO;0;27.11.2004;;;20;Reine Wohngebäude;Einstellhalle;;;59;übrige Elektrizität;Defekt an Auto: Autobrand;1;m;84;;;;;;;;
2004;TG;0;04.12.2004;525000;510000;20;Reine Wohngebäude;Wohnhaus;1899;;23;Kerzen;Brand durch Kerze;1;m;64;;;;;;;;
2004;BL;0;06.12.2004;60000;1453000;79;Übrige Industrie und Gewerbe;Fabrikgebäude;1973;;49;übrige Explosionen;Explosion;1;m;57;;;;;;;;
2004;NE;0;12.12.2004;145000;420000;29;Gemischte Wohngebäude;Wohn- und Geschäftshasu;1902;5;23;Kerzen;Kerze in Vitrine;1;m;37;;;;;;;;
2004;ZH;0;15.12.2004;;;29;Gemischte Wohngebäude;Wohnhaus mit Gewerbe;1930;;23;Kerzen;Kerzenbrand;1;w;86;;;;;;;;
2003;BL;0;12.01.2003;478500;6002000;20;Reine Wohngebäude;Mehrfamilienhaus;1973;;29;übrige bstimmungsmässiges Feuer;Suizid, Whg. angezündet;1;m;43;;;;;;;;
2003;BE;0;14.01.2003;615600;591600;30;Landwirtschaft. Wohngebäude;Wohnhaus, Schopf;1900;;15;Rauchabzugsanlagen;Russbrand in Kamin;1;m;75;;;;;;;;
2003;OW;1;20.01.2003;7950000;;80;Hotelbetriebe;4 Stockwerke, weiche Bauart;1904;4;72;Brandstiftung durch Dirttperson;evtl. Brandstiftung;1;w;23;;;;;;;;
2003;ZH;0;08.02.2003;146000;1512000;29;Gemischte Wohngebäude;Umfassungswände hart;1877;;22;Rauchzeug;Kerzen od. Rauchzeug;2;w;63;w;73;;;;;;
2003;GE;1;16.02.2003;;;20;Reine Wohngebäude;Wohhaus mit 2 Wohnungen;1899;2;71;Brandstiftung durch Eigentümer oder nahestehende Person;Suizid;1;w;40;;;;;;;;
2003;SG;0;20.02.2003;20000;1245000;20;Reine Wohngebäude;6-Familienhaus;1950;3;91;unbekannt;unbekannt;1;w;90;;;;;;;;
2003;BE;0;02.03.2003;5000;311900;20;Reine Wohngebäude;Chalet, 2 Wohnungen;1800;3;39;übrige Selbsentzündungen;Unbeabs.Kleider angezündet;1;w;88;;;;;;;;
2003;LU;0;13.04.2003;22200;1343000;20;Reine Wohngebäude;6-Fam. Haus;1969;4;29;übrige bstimmungsmässiges Feuer;Suizid;1;w;30;;;;;;;;
2003;SZ;1;01.05.2003;300000;;20;Reine Wohngebäude;Einfamilienhaus;;3;13;Zentralheizungen;Brand im Heizungsraum;1;m;65;;;;;;;;
2003;VD;0;19.06.2003;50000;546415;20;Reine Wohngebäude;Wohnung auf 2 Stockwerken;1860;2;71;Brandstiftung durch Eigentümer oder nahestehende Person;Suizid;1;w;68;;;;;;;;
2003;AG;0;30.06.2003;4337;11757000;13;Spitalgebäude, Pflegeheim;Alters- und Pflegeheim;1940;;22;Rauchzeug;Zigarettenbrand auf Kleider;1;w;74;;;;;;;;
2003;BE;0;08.07.2003;240000;330400;79;Übrige Industrie und Gewerbe;Unbewohnte Gew. Liegenschaft;1870;;51;Mängel an Installationen;Defekt an Elektroinstallation;1;m;41;;;;;;;;
2003;BE;0;12.07.2003;1564000;1753200;20;Reine Wohngebäude;7-Familienhaus;1994;4;41;Gasexplosion;;3;m;37;m;3;w;27;;;;
2003;SH;0;14.07.2003;176000;176000;20;Reine Wohngebäude;Einfamilienhaus;1951;1;19;übrige Feuerungsanlagen;Elektrospeicher;1;w;73;;;;;;;;
2003;GE;1;20.08.2003;;;29;Gemischte Wohngebäude;Wohnhaus und div. Gemeinschaftsräume;1921;;53;Unsachgemässe Verwendung von Apparaten;Brandunfall;1;w;59;;;;;;;;
2003;AG;0;18.10.2003;310611;613000;30;Landwirtschaft. Wohngebäude;Wohnhaus, Scheune;1840;;91;unbekannt;unbekannt;1;m;82;;;;;;;;
2003;SG;0;23.10.2003;400000;1299000;20;Reine Wohngebäude;3-Familienhaus;1930;4;91;unbekannt;unbekannt;1;m;27;;;;;;;;
2003;SZ;1;24.10.2003;;;20;Reine Wohngebäude;8-Familienhaus;;;29;übrige bstimmungsmässiges Feuer;Whg.-Brand;1;w;52;;;;;;;;
2003;AG;0;07.11.2003;472466;477000;30;Landwirtschaft. Wohngebäude;Wohnhaus, Büro, Schopf;1800;;71;Brandstiftung durch Eigentümer oder nahestehende Person;Suizid;1;w;39;;;;;;;;
2003;VD;0;14.11.2003;50000;6210607;29;Gemischte Wohngebäude;Wohn- und Geschäftshaus;1955;5;29;übrige bstimmungsmässiges Feuer;Selbstenzündung von Öl in Pfanne;1;w;37;;;;;;;;
2003;VD;0;25.11.2003;120000;2396817;29;Gemischte Wohngebäude;Wohn- und Geschäftshaus;1900;4;22;Rauchzeug;Zigarettenbrand/Opfer eingeschlafen;1;w;82;;;;;;;;
2003;BS;0;09.12.2003;160363;4974000;13;Spitalgebäude, Pflegeheim;Alters- und Pflegeheim;1965;5;22;Rauchzeug;Rauchzeug fallen gelassen in Whg.;1;m;;;;;;;;;
2003;AG;0;12.12.2003;430492;1006000;30;Landwirtschaft. Wohngebäude;Wohn-und Geschäftshaus;1870;;42;Sprengstoffexplosion (ohne Anschläge);Explosion;1;m;75;;;;;;;;
2003;VS;1;23.12.2003;;;20;Reine Wohngebäude;Wohnhaus, einseitig angebaut;1920;2;23;Kerzen;Adventskerzen;1;w;89;;;;;;;;
2003;SZ;1;26.08.2003;;;20;Reine Wohngebäude;3-Familienhaus;;;29;übrige bstimmungsmässiges Feuer;Brand in Dachwhg.;1;w;31;;;;;;;;
2003;NE;0;31.12.2003;50000;1250000;20;Reine Wohngebäude;5-Familienhaus;1902;;22;Rauchzeug;Zigarreten eingeschlafen;1;m;42;;;;;;;;
2003;NE;0;25.10.2003;17076;1000000;20;Reine Wohngebäude;Altes Bauernhaus;1902;;22;Rauchzeug;Zigaretten;1;m;52;;;;;;;;
2002;AG;0;01.01.2002;678293;1844000;20;Reine Wohngebäude;Wohnhaus;1962;;52;Mängel an Apparaten;TV-Brand;1;w;74;;;;;;;;
2002;VS;1;03.01.2002;;;20;Reine Wohngebäude;;;;; ;;1;m;75;;;;;;;;
2002;UR;1;04.01.2002;355000;355000;20;Reine Wohngebäude;Wohnhaus gemischte Bauart;1800;;91;unbekannt;;1;m;87;;;;;;;;
2002;VD;0;06.01.2002;25129;7466492;29;Gemischte Wohngebäude;Wohn/Geschäftshaus;1965;7;91;unbekannt;;1;w;35;;;;;;;;
2002;ZH;0;07.01.2002;132500;3303000;29;Gemischte Wohngebäude;Wohnhaus/Laden;1952;;23;Kerzen;Cristbaumbrand;1;m;81;;;;;;;;
2002;BE;0;08.01.2002;1705000;1613400;30;Landwirtschaft. Wohngebäude;Bauernhaus;1771;;52;Mängel an Apparaten;Geschirrspühler;1;m;83;;;;;;;;
2002;SO;0;12.01.2002;;;79;Übrige Industrie und Gewerbe;Industriegebäude;;3;49;übrige Explosionen;;1;m;52;;;;;;;;
2002;NE;0;18.01.2002;6000;90000;51;Lagergebäude;Lagergebäude nicht massiv;1924;;12;Zimmeröfen;Flammenrückschlag;1;m;67;;;;;;;;
2002;ZH;0;08.02.2002;65000;756000;29;Gemischte Wohngebäude;Wohnhaus/Anbau;1720;;52;Mängel an Apparaten;Unterhaltungsgerät;1;m;37;;;;;;;;
2002;OW;1;13.02.2002;500000;650000;20;Reine Wohngebäude;Wohnhaus gemischte Bauart;1903;3;91;unbekannt;;1;w;4;;;;;;;;
2002;BE;0;15.03.2002;670000;1021800;20;Reine Wohngebäude;Pfarrhaus;1888;;22;Rauchzeug;;1;m;43;;;;;;;;
2002;VD;0;19.03.2002;395247;5287554;20;Reine Wohngebäude;Wohnhaus;1969;7;91;unbekannt;;1;w;49;;;;;;;;
2002;AG;0;06.04.2002;520081;1580000;30;Landwirtschaft. Wohngebäude;Wohnhaus, Schopf;1827;;22;Rauchzeug;Rauchen im Bett;1;m;48;;;;;;;;
2002;SG;0;27.04.2002;230000;230000;29;Gemischte Wohngebäude;Wohn und Geschäftshaus;1800;;91;unbekannt;;1;m;72;;;;;;;;
2002;NE;0;28.05.2002;237374;1350000;29;Gemischte Wohngebäude;Wohn und Gewerbehaus;1902;;82;Motorfahrzeuge;Unfall, Folgebrand;1;m;27;;;;;;;;
2002;SO;0;01.06.2002;21000;1050000;20;Reine Wohngebäude;Mehrfamillienhaus;1956;;82;Motorfahrzeuge;Unflall, Folgebrand;1;m;;;;;;;;;
2002;SO;0;09.06.2002;12000;384000;20;Reine Wohngebäude;Einfamilienhaus;1988;;41;Gasexplosion;Gasflasche;1;m;41;;;;;;;;
2002;AG;0;10.08.2002;395000;1576000;20;Reine Wohngebäude;Wohnhaus;1867;;22;Rauchzeug;Raucherw. Alkohol;1;m;20;;;;;;;;
2002;AI;1;18.08.2002;;;30;Landwirtschaft. Wohngebäude;Wohnhaus/Stall;;;; ;;1;m;;;;;;;;;
2002;BS;0;02.09.2002;6006;3039000;20;Reine Wohngebäude;Wohnhaus;1970;6;71;Brandstiftung durch Eigentümer oder nahestehende Person;Selbstmord;1;m/w;;;;;;;;;
2002;SG;0;19.09.2002;1675000;1675000;29;Gemischte Wohngebäude;Wohn und Geschäftshaus;1930;3;91;unbekannt;;1;m;41;;;;;;;;
2002;SO;0;01.10.2002;5368;290700;20;Reine Wohngebäude;Wohnhaus;1948;;21;Zündhölzer, Feuerzeuge;;1;w;81;;;;;;;;
2002;BE;0;04.11.2002;5250000;6453500;30;Landwirtschaft. Wohngebäude;Bauernhaus/Restaurant;1797;;52;Mängel an Apparaten;TV;1;w;19;;;;;;;;
2002;LU;0;09.11.2002;96000;1301000;20;Reine Wohngebäude;Wohnhaus;1955;4;41;Gasexplosion;;1;m;39;;;;;;;;
2002;SO;0;09.11.2002;3633;478800;20;Reine Wohngebäude;Wohnhaus;1974;;13;Zentralheizungen;;1;w;53;;;;;;;;
2002;BE;0;12.11.2002;50000;1290700;20;Reine Wohngebäude;Wohnhaus;1961;;71;Brandstiftung durch Eigentümer oder nahestehende Person;;2;m;;w;;;;;;;
2002;NE;0;13.11.2002;300000;1470000;20;Reine Wohngebäude;Wohnhaus;1902;;12;Zimmeröfen;;1;w;87;;;;;;;;
2002;AR;0;18.11.2002;940000;1243100;20;Reine Wohngebäude;Wohnhaus;1700;4;21;Zündhölzer, Feuerzeuge;;1;m;45;;;;;;;;
2002;SG;0;22.11.2002;40000;;13;Spitalgebäude, Pflegeheim;Pflegeheim;1982;3;91;unbekannt;;1;m;67;;;;;;;;
2001;BE;0;01.01.2001;452000;1078800;20;Reine Wohngebäude;;1911;;23;Kerzen;;1;m;67;;;;;;;;
2001;ZH;0;02.01.2001;52000;670000;20;Reine Wohngebäude;Wohnhaus;1931;2;22;Rauchzeug;;1;m;53;;;;;;;;
2001;ZG;0;07.01.2001;377750;7866000;29;Gemischte Wohngebäude;Wohn/Geschäftshaus;1993;4;22;Rauchzeug;;1;w;67;;;;;;;;
2001;ZH;0;20.01.2001;23000;5900000;20;Reine Wohngebäude;Wohnhaus;1968;4;19;übrige Feuerungsanlagen;;1;w;49;;;;;;;;
2001;BE;0;03.02.2001;520000;1667200;29;Gemischte Wohngebäude;Wohnhaus mit Gewerbe;1880;;52;Mängel an Apparaten;TV-Brand;1;m;46;;;;;;;;
2001;SZ;1;07.03.2001;;;29;Gemischte Wohngebäude;Industrie und Wohngebäude;;3;49;übrige Explosionen;;1;m;53;;;;;;;;
2001;SG;0;12.03.2001;270000;305000;20;Reine Wohngebäude;Einfamilienhaus;1962;;41;Gasexplosion;;1;m;88;;;;;;;;
2001;SO;0;03.04.2001;52500;1730400;20;Reine Wohngebäude;Mehrfamilienhaus/massiv;1969;4;29;übrige bstimmungsmässiges Feuer;;1;m;42;;;;;;;;
2001;GR;0;17.04.2001;540000;576000;20;Reine Wohngebäude;Holzhaus ;1975;3;21;Zündhölzer, Feuerzeuge;;2;w;2;w;5;;;;;;
2001;BS;0;18.04.2001;157234;847000;29;Gemischte Wohngebäude;Wohn/Geschäftshaus;1902;4;52;Mängel an Apparaten;TV-Brand;1;m;31;;;;;;;;
2001;ZH;0;28.04.2001;6000;2070000;20;Reine Wohngebäude;Wohnhaus;1966;;29;übrige bstimmungsmässiges Feuer;;1;m;;;;;;;;;
2001;SG;0;28.04.2001;429000;429000;81;Gastwirtschaftsbetriebe;Personalhaus/Holzhaus;1919;;21;Zündhölzer, Feuerzeuge;;2;m;19;m;32;;;;;;
2001;GE;1;27.06.2001;800000;2712885;29;Gemischte Wohngebäude;Wohn und Geschäftshaus;1920;4;22;Rauchzeug;Rauchen im Bett;3;w;55;w;18;w;49;;;;
2001;BE;0;28.06.2001;105000;2957800;20;Reine Wohngebäude;Wohnhaus;1957;;52;Mängel an Apparaten;Elektrosessel;1;m;94;;;;;;;;
2001;ZH;0;03.07.2001;633000;600000;30;Landwirtschaft. Wohngebäude;Wohnhaus/Scheune ;1860;2;12;Zimmeröfen;;2;w;80;m;81;;;;;;
2001;SH;0;14.07.2001;1100300;4696000;29;Gemischte Wohngebäude;Wohnhaus/Restaurant;1904;3;91;unbekannt;;1;m;9;;;;;;;;
2001;SO;0;30.07.2001;49000;460800;20;Reine Wohngebäude;Einfamilienhaus/massiv;1922;;71;Brandstiftung durch Eigentümer oder nahestehende Person;Suizid;1;m;53;;;;;;;;
2001;AG;0;10.08.2001;2152;728000;39;Übrige landwirtschaftl. Gebäude;Wohnhaus mit Scheune;;;53;Unsachgemässe Verwendung von Apparaten;;1;w;62;;;;;;;;
2001;ZH;0;01.09.2001;16000;13000000;29;Gemischte Wohngebäude;Wohnhaus/Garage;1985;5;22;Rauchzeug;;1;w;78;;;;;;;;
2001;BE;0;30.09.2001;4000;882000;29;Gemischte Wohngebäude;Wohnhaus mit Lager;1931;;59;übrige Elektrizität;;1;w;73;;;;;;;;
2001;SO;0;01.10.2001;600000;13557600;20;Reine Wohngebäude;Hochhaus;1970;12;59;übrige Elektrizität;;1;w;47;;;;;;;;
2001;VD;0;13.10.2001;35000;377640;20;Reine Wohngebäude;Wohnhaus ;1947;2;71;Brandstiftung durch Eigentümer oder nahestehende Person;Suizid;1;m;82;;;;;;;;
2001;GR;0;24.10.2001;173000;351000;20;Reine Wohngebäude;Einfamilienhaus;1947;2;71;Brandstiftung durch Eigentümer oder nahestehende Person;;1;w;51;;;;;;;;
2001;ZH;0;05.11.2001;27000;1500000;20;Reine Wohngebäude;Wohnhaus;1957;2;12;Zimmeröfen;;1;m;75;;;;;;;;
2001;AR;0;21.11.2001;610000;620800;20;Reine Wohngebäude;Einfamilienhaus/Holz;1910;3;12;Zimmeröfen;;1;m;87;;;;;;;;
2001;FR;0;10.12.2001;188400;179400;20;Reine Wohngebäude;Einfamilienhaus;;2;15;Rauchabzugsanlagen;Kohlenmonoxyd;1;m;81;;;;;;;;
2001;VD;0;22.12.2001;10000;2692340;29;Gemischte Wohngebäude;Wohn/Geschäftshaus;1900;4;53;Unsachgemässe Verwendung von Apparaten;;1;m;32;;;;;;;;
2000;GE;1;01.01.2000;;;20;Reine Wohngebäude;;;;51;Mängel an Installationen;;5;w;44;w;68;m;4;m;2;m;
2000;ZH;0;01.01.2000;140000;2630000;20;Reine Wohngebäude;;1978;2;91;unbekannt;Suizid;1;m;75;;;;;;;;
2000;SG;0;04.01.2000;625000;625000;20;Reine Wohngebäude;;;;73;Brandstiftung durch Unbekannte;;1;w;73;;;;;;;;
2000;TG;0;13.01.2000;87000;3231000;29;Gemischte Wohngebäude;gemischte Bauart;1986;;23;Kerzen;;1;m;75;;;;;;;;
2000;SO;0;16.01.2000;36746;451900;20;Reine Wohngebäude;gemischte Bauart;1974;;23;Kerzen;Weihnachtsbaum;1;m;85;;;;;;;;
2000;BE;0;12.02.2000;35050;1100000;13;Spitalgebäude, Pflegeheim;Altersheim;1939;;52;Mängel an Apparaten;Elektromotorenbrand;1;m;87;;;;;;;;
2000;ZG;0;18.02.2000;51780;1163000;20;Reine Wohngebäude;;1954;;53;Unsachgemässe Verwendung von Apparaten;;1;w;79;;;;;;;;
2000;GE;1;26.02.2000;;;20;Reine Wohngebäude;;;;22;Rauchzeug;;1;w;36;;;;;;;;
2000;SH;0;26.02.2000;750000;1334000;81;Gastwirtschaftsbetriebe;massive Bauweise;1900;3;51;Mängel an Installationen;;1;w;47;;;;;;;;
2000;VD;0;03.03.2000;850000;1131845;20;Reine Wohngebäude;;1700;3;22;Rauchzeug;eingeschlafen;1;m;57;;;;;;;;
2000;ZH;0;10.03.2000;273000;260000;30;Landwirtschaft. Wohngebäude;Holzbauweise;1840;;91;unbekannt;;1;m;91;;;;;;;;
2000;ZH;0;15.03.2000;;;30;Landwirtschaft. Wohngebäude;;;;24;Schweissen, Löten;;1;m;81;;;;;;;;
2000;GE;1;09.04.2000;;;20;Reine Wohngebäude;;;;73;Brandstiftung durch Unbekannte;;1;w;23;;;;;;;;
2000;AG;0;26.04.2000;120000;11044000;20;Reine Wohngebäude;;1978;;22;Rauchzeug;Alkohol;1;w;70;;;;;;;;
2000;FR;0;02.05.2000;520340;504000;20;Reine Wohngebäude;umgebautes Bauernhaus;1775;;52;Mängel an Apparaten;Brand Gefrierschrank;1;w;74;;;;;;;;
2000;ZH;0;15.05.2000;100000;;20;Reine Wohngebäude;;;;22;Rauchzeug;;1;m;62;;;;;;;;
2000;ZH;0;18.05.2000;150000;;20;Reine Wohngebäude;;;;91;unbekannt;;1;w;63;;;;;;;;
2000;VD;0;01.06.2000;26646;2418836;29;Gemischte Wohngebäude;;1870;;22;Rauchzeug;eingeschlafen;1;m;81;;;;;;;;
2000;TG;0;02.06.2000;250000;1082000;20;Reine Wohngebäude;gemischte Bauart;1952;;82;Motorfahrzeuge;;1;m;50;;;;;;;;
2000;BE;0;05.06.2000;30000;3350000;20;Reine Wohngebäude;massive Bauweise;1970;5;22;Rauchzeug;rauchen im Bett;1;w;57;;;;;;;;
2000;BE;0;22.07.2000;0;2300000;29;Gemischte Wohngebäude;Wohn-/Geschäftshaus/Rest.;1900;;53;Unsachgemässe Verwendung von Apparaten;;1;m;41;;;;;;;;
2000;GE;1;30.07.2000;;;20;Reine Wohngebäude;;;;22;Rauchzeug;;1;w;72;;;;;;;;
2000;ZH;0;03.08.2000;85000;3800000;29;Gemischte Wohngebäude;Wohnhaus mit Laden;1985;5;22;Rauchzeug;;1;m;65;;;;;;;;
2000;BE;0;01.09.2000;0;1000000;29;Gemischte Wohngebäude;massive Bauweise;1956;;49;übrige Explosionen;;1;m;18;;;;;;;;
2000;BE;0;03.09.2000;450000;650000;20;Reine Wohngebäude;nicht massiv;1753;;52;Mängel an Apparaten;Defekt an TV;1;m;86;;;;;;;;
2000;BL;0;04.09.2000;57233;332000;20;Reine Wohngebäude;;1932;;91;unbekannt;;1;m;;;;;;;;;
2000;ZG;0;04.10.2000;785400;2260000;29;Gemischte Wohngebäude;Wohnhaus/Restaurant;1903;;23;Kerzen;;2;m;46;w;43;;;;;;
2000;GE;1;09.10.2000;;;20;Reine Wohngebäude;;;;91;unbekannt;;1;w;39;;;;;;;;
2000;BE;0;17.10.2000;972000;1000000;29;Gemischte Wohngebäude;nicht massiv;1928;;51;Mängel an Installationen;;2;m;44;m;75;;;;;;
2000;LU;0;28.10.2000;350000;398000;20;Reine Wohngebäude;massive Bauweise;1929;3;21;Zündhölzer, Feuerzeuge;;1;m;8;;;;;;;;
2000;VD;0;27.11.2000;147000;345940;20;Reine Wohngebäude;;1869;2;22;Rauchzeug;eingeschlafen;1;m;65;;;;;;;;
2000;LU;0;03.12.2000;541000;547000;30;Landwirtschaft. Wohngebäude;Haus/Scheune;1923;;91;unbekannt;;1;m;68;;;;;;;;
1999;BS;0;05.01.1999;50465;1200000;20;Reine Wohngebäude;massiv;1932;;22;Rauchzeug;rauchen im Bett;1;w;40;;;;;;;;
1999;BS;0;06.01.1999;807;2255000;20;Reine Wohngebäude;;1995;;29;übrige bstimmungsmässiges Feuer;Suizid;1;m;;;;;;;;;
1999;GE;1;06.01.1999;;;;keine Angabe;;;;91;unbekannt;;1;w;39;;;;;;;;
1999;SG;0;15.01.1999;320000;460000;20;Reine Wohngebäude;;1985;3;23;Kerzen;Christbaumbrand;1;w;27;;;;;;;;
1999;SZ;1;15.01.1999;677000;677000;30;Landwirtschaft. Wohngebäude;;1927;3;91;unbekannt;;1;m;84;;;;;;;;
1999;SO;0;02.02.1999;17500;367800;20;Reine Wohngebäude;gemischte Bauart;1900;;12;Zimmeröfen;Entzündung v. Papier;1;m;86;;;;;;;;
1999;SG;0;04.02.1999;126000;219000;20;Reine Wohngebäude;;1920;2;91;unbekannt;;1;m;75;;;;;;;;
1999;VD;0;10.02.1999;25920;4750070;29;Gemischte Wohngebäude;Wohnhaus/Wäscherei;1962;5;41;Gasexplosion;;1;w;15;;;;;;;;
1999;BL;0;14.02.1999;40646;1746000;20;Reine Wohngebäude;;1955;3;91;unbekannt;;1;w;83;;;;;;;;
1999;GE;1;14.02.1999;;;;keine Angabe;;;;22;Rauchzeug;;1;m;48;;;;;;;;
1999;GE;1;17.02.1999;;;;keine Angabe;;;;22;Rauchzeug;;1;m;61;;;;;;;;
1999;GR;0;21.02.1999;250000;238000;30;Landwirtschaft. Wohngebäude;Wohnhaus/Stall;1747;;16;Feuerungsrückstände;;1;w;90;;;;;;;;
1999;LU;0;25.02.1999;;;13;Spitalgebäude, Pflegeheim;Alters/Pflegeheim;;;22;Rauchzeug;;1;m;77;;;;;;;;
1999;TI;1;26.03.1999;;;20;Reine Wohngebäude;;;;41;Gasexplosion;Gasflasche;1;m;83;;;;;;;;
1999;AG;0;16.04.1999;148230;1918000;20;Reine Wohngebäude;massiv;1969;;22;Rauchzeug;rauchen im Bett;1;w;49;;;;;;;;
1999;VS;1;06.05.1999;;;20;Reine Wohngebäude;;;3;91;unbekannt;;1;m;40;;;;;;;;
1999;LU;0;17.05.1999;15510;486000;20;Reine Wohngebäude;massiv;1989;2;71;Brandstiftung durch Eigentümer oder nahestehende Person;;1;m;51;;;;;;;;
1999;TG;0;28.06.1999;500332;1895000;20;Reine Wohngebäude;gemischte Bauart;1982;;53;Unsachgemässe Verwendung von Apparaten;;1;w;40;;;;;;;;
1999;ZH;0;14.07.1999;55000;700000;20;Reine Wohngebäude;;1953;;53;Unsachgemässe Verwendung von Apparaten;Herdplatte;1;w;87;;;;;;;;
1999;VD;0;23.07.1999;375921;3865000;20;Reine Wohngebäude;;1971;3;52;Mängel an Apparaten;TV;1;w;81;;;;;;;;
1999;VD;0;27.07.1999;17142;1724690;20;Reine Wohngebäude;;1960;3;22;Rauchzeug;rauchen im Bett;1;m;63;;;;;;;;
1999;ZH;0;15.08.1999;1000000;910000;79;Übrige Industrie und Gewerbe;Lagerhalle/Büro;1952;;91;unbekannt;;1;m;52;;;;;;;;
1999;VS;1;22.08.1999;;;29;Gemischte Wohngebäude;Wohnhaus mit Lager;  ;3;49;übrige Explosionen;;1;m;43;;;;;;;;
1999;GR;0;06.09.1999;260000;239000;20;Reine Wohngebäude;Wohnhaus/Mühle;;;91;unbekannt;;1;m;65;;;;;;;;
1999;ZH;0;07.09.1999;;;13;Spitalgebäude, Pflegeheim;;;;29;übrige bstimmungsmässiges Feuer;Fahrlässigkeit;1;m;80;;;;;;;;
1999;ZH;0;11.09.1999;6000;2800000;29;Gemischte Wohngebäude;MFH mit Restaurant;1898;;22;Rauchzeug;rauchen im Bett;1;m;41;;;;;;;;
1999;LU;0;15.09.1999;365000;1019000;29;Gemischte Wohngebäude;massiv;1952;;82;Motorfahrzeuge;Unfall;2;m;28;m;35;;;;;;
1999;BE;0;23.09.1999;5000;760000;20;Reine Wohngebäude;massiv;1900;;29;übrige bstimmungsmässiges Feuer;Brennsprit;3;w;41;m;6;m;2;;;;
1999;LU;0;27.10.1999;120500;604000;20;Reine Wohngebäude;;1972;;91;unbekannt;Suizid;1;m;51;;;;;;;;
1999;BE;0;23.11.1999;1145000;1100000;29;Gemischte Wohngebäude;Wohnhaus mit Lager;1850;3;15;Rauchabzugsanlagen;Defekter Kamin;1;m;82;;;;;;;;
1999;VS;1;26.12.1999;;;13;Spitalgebäude, Pflegeheim;Jugendheim;;2;91;unbekannt;;2;;;;;;;;;;
1998;VD;0;14.10.1998;190396;1894342;20;Reine Wohngebäude;;1947;3;22;Rauchzeug;;1;m;32;;;;;;;;
1998;VD;0;31.12.1998;60000;3974890;20;Reine Wohngebäude;;1910;3;91;unbekannt;;1;m;58;;;;;;;;
1998;VD;0;21.12.1998;40000;2526950;20;Reine Wohngebäude;;1972;4;59;übrige Elektrizität;;1;m;72;;;;;;;;
1998;LU;0;10.02.1998;27000;416000;20;Reine Wohngebäude;;1923;;23;Kerzen;;1;w;83;;;;;;;;
1998;JU;0;17.04.1998;158000;3360000;20;Reine Wohngebäude;massiv;1961;8;22;Rauchzeug;rauchen im Bett;1;w;73;;;;;;;;
1998;BE;0;16.01.1998;200000;730000;29;Gemischte Wohngebäude;Wohn/Geschäftshaus massiv;1931;3;52;Mängel an Apparaten;implosion TV;1;w;74;;;;;;;;
1998;BE;0;05.11.1998;8000000;5500000;29;Gemischte Wohngebäude;Wohn/Geschäftshaus massiv;1924;4;41;Gasexplosion;;5;m;70;m;60;m;38;m;69;m;50
1998;NE;0;22.11.1998;150000;580000;20;Reine Wohngebäude;;1938;;91;unbekannt;;1;m;74;;;;;;;;
1998;NE;0;31.07.1998;500000;14000000;13;Spitalgebäude, Pflegeheim;;1989;2;22;Rauchzeug;;1;w;58;;;;;;;;
1998;GE;1;30.10.1998;;;20;Reine Wohngebäude;;;;41;Gasexplosion;;1;w;93;;;;;;;;
1998;GE;1;16.06.1998;;;20;Reine Wohngebäude;;;;70;Brandstiftungen (und Sprengstoffanschläge);Selbstmord;2;m;60;w;50;;;;;;
1998;GE;1;05.05.1998;;;20;Reine Wohngebäude;;;;19;übrige Feuerungsanlagen;;1;w;89;;;;;;;;
1998;VS;1;17.02.1998;;;51;Lagergebäude;;;;91;unbekannt;;1;m;66;;;;;;;;
1998;VS;1;17.08.1998;;;20;Reine Wohngebäude;Chalet;;;91;unbekannt;;1;m;75;;;;;;;;
1998;ZG;0;20.02.1998;;;90;Kleinbauten und Nebengebäude;Gartenhaus;;;49;übrige Explosionen;Gas oder Oelofen;1;m;61;;;;;;;;
1998;BS;0;23.04.1998;29000;270000;20;Reine Wohngebäude;massiv;1948;2;16;Feuerungsrückstände;Glut aus Holzofen;1;w;91;;;;;;;;
1998;SO;0;28.02.1998;11875;363860;20;Reine Wohngebäude;mit Garage und Schopf;1931;;70;Brandstiftungen (und Sprengstoffanschläge);Selbstmord;1;w;75;;;;;;;;
1998;AG;0;01.02.1998;55000;773000;29;Gemischte Wohngebäude;massiv;1911;3;22;Rauchzeug;;1;w;30;;;;;;;;
1998;SG;0;10.10.1998;100000;700000;20;Reine Wohngebäude;nicht massiv;1892;;49;übrige Explosionen;Zentralheizung;1;m;74;;;;;;;;
1998;SG;0;12.10.1998;1953000;1953000;20;Reine Wohngebäude;mit Scheune, nicht massiv;1920;2;70;Brandstiftungen (und Sprengstoffanschläge);Trunksucht;1;w;47;;;;;;;;
1998;SG;0;06.12.1998;782000;782000;20;Reine Wohngebäude;nicht massiv;1903;2;53;Unsachgemässe Verwendung von Apparaten;Elektrokleinofen;1;m;87;;;;;;;;
1998;TI;1;06.11.1998;;;20;Reine Wohngebäude;;;;91;unbekannt;;1;w;86;;;;;;;;
1998;TI;1;12.04.1998;;;20;Reine Wohngebäude;;;;91;unbekannt;;1;m;45;;;;;;;;
1998;ZH;0;10.01.1998;105000;697200;20;Reine Wohngebäude;Mehrfamilienhaus;1894;;91;unbekannt;;1;m;41;;;;;;;;
1998;ZH;0;22.01.1998;37516;3427200;20;Reine Wohngebäude;Mehrfamilienhaus;1951;;21;Zündhölzer, Feuerzeuge;;1;m;91;;;;;;;;
1998;ZH;0;01.02.1998;6300;646800;20;Reine Wohngebäude;Mehrfamilienhaus;1911;;22;Rauchzeug;;1;m;88;;;;;;;;
1998;ZH;0;08.02.1998;32000;235200;20;Reine Wohngebäude;Einfamilienhaus;1873;;23;Kerzen;;1;w;74;;;;;;;;
1998;ZH;0;08.04.1998;61228;1965600;20;Reine Wohngebäude;Mehrfamilienhaus;1968;;22;Rauchzeug;;1;w;61;;;;;;;;
1998;SZ;1;24.04.1998;;;20;Reine Wohngebäude;Einfamilienhaus;;;22;Rauchzeug;;1;w;58;;;;;;;;
1998;UR;1;09.10.1998;;;20;Reine Wohngebäude;nicht massiv;1864;4;91;unbekannt;Totalschaden;1;m;59;;;;;;;;
1998;ZH;0;27.05.1998;;;20;Reine Wohngebäude;;;;22;Rauchzeug;kein Gebäudeschaden;1;m;88;;;;;;;;
1998;BE;0;31.12.1998;;;20;Reine Wohngebäude;;;;23;Kerzen;;2;m;83;w;77;;;;;;
1997;TG;0;18.01.1997;50000;255000;20;Reine Wohngebäude;mit Schopf;;4;12;Zimmeröfen;Kachelofen;1;m;82;;;;;;;;
1997;GE;1;21.01.1997; ;;20;Reine Wohngebäude;;;;52;Mängel an Apparaten;defekter TV;1;w;77;;;;;;;;
1997;ZH;0;21.01.1997;26800;2276000;20;Reine Wohngebäude;;;;90;unbekannt;;1;w;78;;;;;;;;
1997;BE;0;30.01.1997;4820000;4498000;29;Gemischte Wohngebäude;mit Büro;;5;22;Rauchzeug;vermutlich rauchen;1;m;26;;;;;;;;
1997;AG;0;03.02.1997;51291;528000;20;Reine Wohngebäude;mit Schopf;;;23;Kerzen;;1;w;82;;;;;;;;
1997;GE;1;03.02.1997; ;;13;Spitalgebäude, Pflegeheim;Spital;;;22;Rauchzeug;;1;m;53;;;;;;;;
1997;ZH;0;10.02.1997;75300;571000;20;Reine Wohngebäude;;;;21;Zündhölzer, Feuerzeuge;;2;m;2;m;4;;;;;;
1997;AG;0;25.02.1997;250040;247000;20;Reine Wohngebäude;;;2;90;unbekannt;;2;m;4;m;5;;;;;;
1997;ZH;0;09.03.1997;70300;16523000;13;Spitalgebäude, Pflegeheim;Altersheim;;;52;Mängel an Apparaten;Fernseher;1;m;86;;;;;;;;
1997;GE;1;13.03.1997; ;;20;Reine Wohngebäude;;;;22;Rauchzeug;;1;w;68;;;;;;;;
1997;ZH;0;19.03.1997;162000;1411000;20;Reine Wohngebäude;;;;13;Zentralheizungen;Oelofen;1;m;70;;;;;;;;
1997;VD;0;20.03.1997;34316;3294000;20;Reine Wohngebäude;;;4;42;Sprengstoffexplosion (ohne Anschläge);Explosion von Munition;1;m;19;;;;;;;;
1997;VD;0;21.03.1997;650000;642000;20;Reine Wohngebäude;;;2;90;unbekannt;Selbsttötung;1;m;27;;;;;;;;
1997;VD;0;23.03.1997;800000;872000;20;Reine Wohngebäude;;;2;52;Mängel an Apparaten;Implosion TV;1;w;47;;;;;;;;
1997;VD;0;07.04.1997;730000;698000;71;Chemische Industrie;Pneulager;;;21;Zündhölzer, Feuerzeuge;Fahrlässigkeit, Kinder                            *;2;m;37;m;40;;;;;;
1997;SZ;1;15.04.1997; ;;20;Reine Wohngebäude;;;;90;unbekannt;;3;w;32;w;9;m;11;;;;
1997;TI;1;24.04.1997; ;;20;Reine Wohngebäude;;;;90;unbekannt;technischer Defekt;1;w;41;;;;;;;;
1997;AR;0;11.05.1997;622000;622000;20;Reine Wohngebäude;;;;90;unbekannt;;1;m;31;;;;;;;;
1997;VD;0;14.05.1997;450000;995000;20;Reine Wohngebäude;;;4;22;Rauchzeug;;5;m;44;m;63;w;84;w;65;w;38
1997;GE;1;17.05.1997; ;;20;Reine Wohngebäude;;;;22;Rauchzeug;Zigarette oder Kurzschluss;1;m;34;;;;;;;;
1997;BL;0;19.05.1997;12630;10155000;20;Reine Wohngebäude;;;;59;übrige Elektrizität;;1;w;80;;;;;;;;
1997;NE;0;16.06.1997;320000;4680000;29;Gemischte Wohngebäude;mit Büro;;;23;Kerzen;;1;m;42;;;;;;;;
1997;SG;0;23.06.1997;1800000;1800000;29;Gemischte Wohngebäude;;;5;73;Brandstiftung durch Unbekannte;;1;m;51;;;;;;;;
1997;ZH;0;28.07.1997;380000;35767000;76;Gebäude für Ver- und Entsorgung;Kehrichtverbrennunsanlage;;;49;übrige Explosionen;;1;m;25;;;;;;;;
1997;FR;0;02.08.1997;143746;3369000;20;Reine Wohngebäude;;;8;22;Rauchzeug;;1;m;48;;;;;;;;
1997;LU;0;17.08.1997;7010;3648000;20;Reine Wohngebäude;;;;90;unbekannt;;1;m;;;;;;;;;
1997;VD;0;22.08.1997;5000;2208000;20;Reine Wohngebäude;;;4;90;unbekannt;;1;w;86;;;;;;;;
1997;TI;1;31.08.1997;;;20;Reine Wohngebäude;;;;90;unbekannt;;2;w;;m;;;;;;;
1997;BE;0;02.09.1997;660000;1500000;29;Gemischte Wohngebäude;;;3;22;Rauchzeug;;1;m;34;;;;;;;;
1997;VD;0;13.09.1997;45000;2400000;20;Reine Wohngebäude;;;3;22;Rauchzeug;;1;m;33;;;;;;;;
1997;GE;1;05.10.1997;;;81;Gastwirtschaftsbetriebe;Bar, Restaurant;;;79;Brandstiftung durch Unbekannte;;1;m;61;;;;;;;;
1997;LU;0;13.11.1997;;2770000;20;Reine Wohngebäude;;;;21;Zündhölzer, Feuerzeuge;;1;w;40;;;;;;;;
1997;BL;0;15.11.1997;26000;498000;20;Reine Wohngebäude;;;;90;unbekannt;Selbstmord;1;m;40;;;;;;;;
1997;TG;0;28.11.1997;72000;2090000;29;Gemischte Wohngebäude;;;5;52;Mängel an Apparaten;Heizdecke;1;w;81;;;;;;;;
1997;VD;0;07.12.1997;5000;224000;20;Reine Wohngebäude;;;1;15;Rauchabzugsanlagen;Kamin;1;m;75;;;;;;;;
1996;BE;0;04.01.1996;110000;6650000;72;Metall- und Maschinenindustrie;Eisengiesserei/Büro;;;49;übrige Explosionen;Explosion Schmelzofen;1;m;48;;;;;;;;
1996;GE;1;05.01.1996;;;20;Reine Wohngebäude;;;;91;unbekannt;;2;m;44;w;3;;;;;;
1996;VD;0;09.01.1996;132971;849000;20;Reine Wohngebäude;;;2;22;Rauchzeug;Nachlässigkeit;1;m;26;;;;;;;;
1996;BE;0;28.01.1996;48128;4358000;20;Reine Wohngebäude;MFH;;5;59;übrige Elektrizität;Umgefallene Nachttischlampe;1;w;82;;;;;;;;
1996;BE;0;30.01.1996;1216000;1641000;20;Reine Wohngebäude;;;;19;übrige Feuerungsanlagen;Heizstrahler, Hitzestau;1;w;91;;;;;;;;
1996;GE;1;08.03.1996;;;20;Reine Wohngebäude;;;;91;unbekannt;;1;m;91;;;;;;;;
1996;TG;0;17.03.1996;369000;389000;20;Reine Wohngebäude;;;4;23;Kerzen;;1;m;11;;;;;;;;
1996;SO;0;31.03.1996;251267;475000;20;Reine Wohngebäude;;;2;23;Kerzen;;1;w;78;;;;;;;;
1996;SG;0;10.04.1996;490000;490000;30;Landwirtschaft. Wohngebäude;WH mit Scheune;;;22;Rauchzeug;Rauchen im Bett;1;m;36;;;;;;;;
1996;VD;0;21.04.1996;360000;360000;20;Reine Wohngebäude;;;2;15;Rauchabzugsanlagen;Kaminbrand;1;m;71;;;;;;;;
1996;ZH;0;29.04.1996;85000;2000000;20;Reine Wohngebäude;;;5;22;Rauchzeug;;1;m;61;;;;;;;;
1996;VD;0;08.05.1996;1200000;1269000;29;Gemischte Wohngebäude;WH mit Laden;;4;22;Rauchzeug;Zigarette in Papierkorb;2;m;69;m;34;;;;;;
1996;BE;0;24.05.1996;133000;120000;30;Landwirtschaft. Wohngebäude;WH mit Schopf;;;52;Mängel an Apparaten;Technischer Defekt an TV-Gerät;1;w;79;;;;;;;;
1996;TG;0;22.06.1996;600000;721000;16;Kunst-, Kultur- und Sportgebäude;Theater, Werkstatt;;;59;übrige Elektrizität;Schleifarbeiten;1;m;28;;;;;;;;
1996;BE;0;06.07.1996;75000;660000;20;Reine Wohngebäude;;;;71;Brandstiftung durch Eigentümer oder nahestehende Person;mit anschl. Selbsttötung;1;w;58;;;;;;;;
1996;BE;0;19.07.1996;36000000;46000000;67;Papierindustrie, Graph. Gewerbe;Papierfabrik;;;59;übrige Elektrizität;Lichtbogenfeuer an Speisungskabel;3;m;27;m;32;m;37;;;;
1996;GR;0;01.08.1996;17320;629000;20;Reine Wohngebäude;;;;91;unbekannt;Selbsttötung;1;w;35;;;;;;;;
1996;VD;0;04.08.1996;350000;398000;30;Landwirtschaft. Wohngebäude;WH mit Scheune;;;91;unbekannt;Suizid;1;m;53;;;;;;;;
1996;ZH;0;05.10.1996;382000;365000;30;Landwirtschaft. Wohngebäude;WH mit Scheune;;2;91;unbekannt;Brandstiftung/Suizid;1;m;48;;;;;;;;
1996;VD;0;15.10.1996;;;19;Übrige Verwaltungs-öffentliche Gebäude;Mobilhome;;;59;übrige Elektrizität;Defektes Kabel von Konvektor;1;m;68;;;;;;;;
1996;GE;1;18.10.1996;;;20;Reine Wohngebäude;;;;41;Gasexplosion;Entzünddung brennbare Gase;1;m;67;;;;;;;;
1996;SG;0;19.10.1996;200000;403000;30;Landwirtschaft. Wohngebäude;WH mit Schweinestall;;;52;Mängel an Apparaten;Defekt elektrisches Heizgerät;1;w;64;;;;;;;;
1996;OW;1;27.10.1996;;;20;Reine Wohngebäude;;;;29;übrige bstimmungsmässiges Feuer;Feuer;1;w;6;;;;;;;;
1996;SG;0;17.11.1996;150000;440000;20;Reine Wohngebäude;;;;91;unbekannt;Brandstiftung/Suizid;1;m;68;;;;;;;;
1996;BE;0;07.12.1996;10000;14000000;13;Spitalgebäude, Pflegeheim;Alters- und Pflegeheim;;;21;Zündhölzer, Feuerzeuge;Zündhölzer;1;w;85;;;;;;;;
1996;LU;0;26.12.1996;5000;7096000;13;Spitalgebäude, Pflegeheim;Pflegeheim;;3;23;Kerzen;;1;w;82;;;;;;;;
1996;SG;0;28.12.1996;678000;678000;29;Gemischte Wohngebäude;WH mit Scheune;;3;22;Rauchzeug;Rauchen im Bett,  Alkohol;2;m;55;m;47;;;;;;
1995;VD;0;03.01.1995;53873;2828000;20;Reine Wohngebäude;;;5;52;Mängel an Apparaten;Haartrockner;1;m;95;;;;;;;;
1995;SO;0;18.02.1995;2800;416000;20;Reine Wohngebäude;;;;23;Kerzen;;1;w;73;;;;;;;;
1995;ZH;0;02.03.1995;22500;2024000;20;Reine Wohngebäude;;;;29;übrige bstimmungsmässiges Feuer;Fahrlässigkeit Brennsprit;1;m;64;;;;;;;;
1995;SO;0;21.03.1995;13000;35820000;13;Spitalgebäude, Pflegeheim;Spital;;;22;Rauchzeug;Rauchen im Bett;1;m;73;;;;;;;;
1995;ZH;0;24.03.1995;233000;478000;20;Reine Wohngebäude;;;2;22;Rauchzeug;Raucherwaren;1;m;23;;;;;;;;
1995;BE;0;24.03.1995;19300;1505000;13;Spitalgebäude, Pflegeheim;Alterssiedlung;;;22;Rauchzeug;Raucherwaren;1;m;74;;;;;;;;
1995;BE;0;29.03.1995;25000;780000;20;Reine Wohngebäude;;;4;22;Rauchzeug;Raucherwaren;1;m;79;;;;;;;;
1995;BE;0;01.04.1995;665000;635000;20;Reine Wohngebäude;;;2;52;Mängel an Apparaten;Elektrischer Speicherofen;1;w;77;;;;;;;;
1995;SG;0;01.05.1995;200000;2100000;20;Reine Wohngebäude;;;5;22;Rauchzeug;Raucherwaren;1;w;26;;;;;;;;
1995;GE;1;04.05.1995;;;20;Reine Wohngebäude;;;;22;Rauchzeug;Raucherwaren;1;m;50;;;;;;;;
1995;BE;0;27.07.1996;1720000;1881000;29;Gemischte Wohngebäude;WH mit Gewerbe;;;49;übrige Explosionen;Explosion Pyrotechnika;1;m;26;;;;;;;;
1995;VD;0;17.08.1995;72000;1515000;20;Reine Wohngebäude;;;4;22;Rauchzeug;Raucherwaren;1;w;23;;;;;;;;
1995;AG;0;30.08.1995;300000;4738000;50;Läden, Handels- und Warenhäuser;Betriebsgebäude;;3;25;Feuerwerk;Feuerwerkslager;1;m;20;;;;;;;;
1995;VD;0;06.10.1995;8933;1860000;29;Gemischte Wohngebäude;WH und Geschäftshaus;;;52;Mängel an Apparaten;Elektrorechaud;1;m;44;;;;;;;;
1995;BE;0;08.11.1995;3375;720000;20;Reine Wohngebäude;;;3;16;Feuerungsrückstände;;1;m;91;;;;;;;;
1995;ZH;0;01.12.1995;5000;8215000;20;Reine Wohngebäude;Altersheim;;;22;Rauchzeug;Raucherwaren;1;w;87;;;;;;;;
1995;AG;0;11.12.1995;350000;353000;20;Reine Wohngebäude;;;2;71;Brandstiftung durch Eigentümer oder nahestehende Person;Eigentümer;1;m;44;;;;;;;;
1995;GE;1;15.12.1995;;;10;Bürogebäude;Bankgebäude;;;52;Mängel an Apparaten;Spotlampe;1;m;42;;;;;;;;
1994;SG;0;05.01.1994;254900;255000;21;Reine Wohngebäude;;;3;91;unbekannt;;1;w;2;;;;;;;;
1994;ZH;0;07.01.1994;5076;3712000;29;Gemischte Wohngebäude;WH, Garage;;4;39;übrige Selbsentzündungen;selbstentzündung Öl;1;m;82;;;;;;;;
1994;AG;0;12.01.1994;439768;450000;21;Reine Wohngebäude;;;2;91;unbekannt;Weihnachtsbaum;1;w;81;;;;;;;;
1994;AG;0;19.02.1994;440605;443000;21;Reine Wohngebäude;;;3;23;Kerzen;brennende Kerzen;3;w;47;m;54;m;6;;;;
1994;TI;1;21.02.1994;;;81;Gastwirtschaftsbetriebe;Rist. Albergo;;;91;unbekannt;;1;m;63;;;;;;;;
1994;BE;0;21.02.1994;550000;529000;29;Gemischte Wohngebäude;WH mit Scheune;;;15;Rauchabzugsanlagen;Glimmbrand Kamin;1;m;79;;;;;;;;
1994;GE;1;05.03.1994;;;21;Reine Wohngebäude;;;;91;unbekannt;;1;w;60;;;;;;;;
1994;SG;0;13.03.1994;2000000;2000000;10;Bürogebäude;Verwaltungsgebäude;;;73;Brandstiftung durch Unbekannte;Brandstiftung;1;m;31;;;;;;;;
1994;BE;0;06.04.1994;1282000;1606000;21;Reine Wohngebäude;;;;52;Mängel an Apparaten;Fernsehgerät;1;w;35;;;;;;;;
1994;AI;1;14.04.1994;;;13;Spitalgebäude, Pflegeheim;Altersheim;;;91;unbekannt;;2;m;;w;200;;;;;;
1994;BE;0;22.05.1994;390000;430000;29;Gemischte Wohngebäude;WH/Gewerbe;;2;19;übrige Feuerungsanlagen;Kochherdpl. eing.;1;m;83;;;;;;;;
1994;TG;0;06.06.1994;24650;2179000;21;Reine Wohngebäude;;;;13;Zentralheizungen;Heizungslüfter;1;m;27;;;;;;;;
1994;ZH;0;14.06.1994;;;13;Spitalgebäude, Pflegeheim;Altersheim;;;21;Zündhölzer, Feuerzeuge;Feuerzeug;1;w;87;;;;;;;;
1994;AG;0;15.06.1994;798244;840000;81;Gastwirtschaftsbetriebe;Pizzeria-Rest.;;;73;Brandstiftung durch Unbekannte;Brandstiftung;1;m;36;;;;;;;;
1994;BE;0;04.07.1994;59595;1323000;21;Reine Wohngebäude;;;4;49;übrige Explosionen;Gasrechaud eing.;1;m;70;;;;;;;;
1994;VD;0;09.07.1994;105960;6451000;29;Gemischte Wohngebäude;WH/Geschäftshaus;;;91;unbekannt;;2;m;25;m;30;;;;;;
1994;SG;0;31.07.1994;517100;517000;29;Gemischte Wohngebäude;WH/ Garage;;2;91;unbekannt;;1;m;3;;;;;;;;
1994;VD;0;27.08.1994;45726;10798000;21;Reine Wohngebäude;;;7;91;unbekannt;;1;w;3;;;;;;;;
1994;ZH;0;03.10.1994;75100;1318000;21;Reine Wohngebäude;;;2;73;Brandstiftung durch Unbekannte;Suizid;1;w;37;;;;;;;;
1994;ZH;0;08.10.1994;57000;848000;21;Reine Wohngebäude;;;3;21;Zündhölzer, Feuerzeuge;zeuseln mit Feuerz.;1;m ;3;;;;;;;;
1994;VD;0;02.11.1994;;;79;Übrige Industrie und Gewerbe;Hütte;;;91;unbekannt;;1;0;;;;;;;;;
1994;VD;0;20.11.1994;80000;2400000;21;Reine Wohngebäude;;;4;91;unbekannt;Kind 3 Mte;1;w;1;;;;;;;;
1994;SH;0;23.11.1994;500000;500000;79;Übrige Industrie und Gewerbe;Werkhalle;;;49;übrige Explosionen;Explosion;1;m;56;;;;;;;;
1994;NE;0;26.11.1994;200000;739000;29;Gemischte Wohngebäude;WH mit Laden;;;91;unbekannt;;1;m;78;;;;;;;;
1994;BE;0;01.12.1994;100000;484000;21;Reine Wohngebäude;;;;23;Kerzen;Kerze, Drogen;1;m;35;;;;;;;;
1994;VD;0;03.12.1994;600000;5819000;79;Übrige Industrie und Gewerbe;EMS;;5;59;übrige Elektrizität;Fernsehapparat;1;w;71;;;;;;;;
1994;SO;0;10.12.1994;100000;1887000;81;Gastwirtschaftsbetriebe;;;;73;Brandstiftung durch Unbekannte;Brandstiftung;1;m;51;;;;;;;;
1994;BE;0;11.12.1994;380000;2162000;21;Reine Wohngebäude;;;3;22;Rauchzeug;Rauerwaren;1;m;26;;;;;;;;
1994;BE;0;13.12.1994;80000;1800000;29;Gemischte Wohngebäude;WH/Gewerbe;;3;22;Rauchzeug;Rauerwaren;1;w;28;;;;;;;;
1994;SG;0;24.12.1994;;1200000;29;Gemischte Wohngebäude;WH/Rest.;;;59;übrige Elektrizität;Fernsehbrand;1;m;24;;;;;;;;
1993;BS;0;01.01.1993;237828;536000;21;Reine Wohngebäude;MFH;;4;22;Rauchzeug;Zigaretten;1;w;53;;;;;;;;
1993;GE;1;03.01.1993;;;21;Reine Wohngebäude;Villa;;;91;unbekannt;;1;m;35;;;;;;;;
1993;SZ;1;15.01.1993;;;21;Reine Wohngebäude;;;;91;unbekannt;;1;m;26;;;;;;;;
1993;ZH;0;03.02.1993;2000;146000;21;Reine Wohngebäude;EFH;;2;91;unbekannt;Verm. Fahrlässigkeit;1;m;38;;;;;;;;
1993;BE;0;09.02.1993;219000;321000;21;Reine Wohngebäude;EFM;;2;59;übrige Elektrizität;Kochherdplatte;1;m;39;;;;;;;;
1993;VS;1;25.02.1993;;;21;Reine Wohngebäude;;;3;91;unbekannt;;1;w;69;;;;;;;;
1993;BE;0;27.03.1993;150000;1261000;21;Reine Wohngebäude;MFH;;4;22;Rauchzeug;rauchen im Bett;1;w;50;;;;;;;;
1993;VD;0;23.04.1993;;;21;Reine Wohngebäude;EFH;;2;91;unbekannt;;2;w;3;m;34;;;;;;
1993;SG;0;24.04.1993;50000;800000;21;Reine Wohngebäude;MFH;;;59;übrige Elektrizität;Kochherd eingesch.;1;w;79;;;;;;;;
1993;GE;1;15.05.1993;;;21;Reine Wohngebäude;Mietwohnung;;;91;unbekannt;;1;w;67;;;;;;;;
1993;NE;0;26.06.1993;25000;860000;21;Reine Wohngebäude;;;;41;Gasexplosion;Benzindämpfe expl.;1;m;22;;;;;;;;
1993;SO;0;01.07.1993;1187000;1099000;29;Gemischte Wohngebäude;WH, Zimmerei;;;91;unbekannt;fahrlässig;1;m;42;;;;;;;;
1993;BE;0;06.07.1993;14750;3600000;21;Reine Wohngebäude;MFH;;3;22;Rauchzeug;Raucherwaren;1;m;42;;;;;;;;
1993;ZH;0;30.07.1993;116000;942000;21;Reine Wohngebäude;MFH;;;73;Brandstiftung durch Unbekannte;;1;w;31;;;;;;;;
1993;AG;0;02.08.1993;1000000;4300000;71;Chemische Industrie;;;;49;übrige Explosionen;Explosion;2;m;32;m;56;;;;;;
1993;ZH;0;14.08.1993;1500;3529000;13;Spitalgebäude, Pflegeheim;Bettenhaus;;;22;Rauchzeug;rauchen;1;m;40;;;;;;;;
1993;SG;0;31.08.1993;400000;521000;21;Reine Wohngebäude;;;;52;Mängel an Apparaten;Fernsehapparat;1;m;93;;;;;;;;
1993;BE;0;24.09.1993;255000;457000;21;Reine Wohngebäude;EFH;;;22;Rauchzeug;Raucherwaren;1;m;35;;;;;;;;
1993;BE;0;28.10.1993;17430;5700000;29;Gemischte Wohngebäude;WH, Büro;;2;23;Kerzen;;1;m;84;;;;;;;;
1993;BE;0;04.11.1993;;;90;Kleinbauten und Nebengebäude;Wohnwagen;;;19;übrige Feuerungsanlagen;Heizstrahler;1;m;63;;;;;;;;
1993;ZH;0;06.11.1993;79000;757000;21;Reine Wohngebäude;EFH;;2;19;übrige Feuerungsanlagen;Kleider auf Ofen;1;m;33;;;;;;;;
1993;SG;0;07.11.1993;115000;115000;29;Gemischte Wohngebäude;WH, Scheune, Stall;;;29;übrige bstimmungsmässiges Feuer;Feuerungsanlage;1;m;82;;;;;;;;
1993;ZH;0;24.11.1993;290000;1514000;21;Reine Wohngebäude;MFH;;4;22;Rauchzeug;rauchen;1;m;43;;;;;;;;
1993;AG;0;04.12.1993;6000;295000;29;Gemischte Wohngebäude;WH, Garage, Scheune;;;23;Kerzen;;1;w;79;;;;;;;;
1992;GE;1;04.01.1992;;;20;Reine Wohngebäude;;;;22;Rauchzeug;Rauchen;1;w;69;;;;;;;;
1992;VS;1;04.01.1992;200000;;20;Reine Wohngebäude;Ferienchalet;;;91;unbekannt;Kind 6 Mte;1;0;1;;;;;;;;
1992;VD;0;04.01.1992;;;20;Reine Wohngebäude;;;;19;übrige Feuerungsanlagen;Holzofen;1;m;81;;;;;;;;
1992;AG;0;05.01.1992;35000;182000;29;Gemischte Wohngebäude;WH mit Scheune;;;19;übrige Feuerungsanlagen;Elektroofen;1;m;84;;;;;;;;
1992;ZH;0;19.01.1992;21000;3845000;20;Reine Wohngebäude;MFH;;;22;Rauchzeug;Rauchen;1;w;81;;;;;;;;
1992;ZH;0;28.01.1992;177000;2904000;20;Reine Wohngebäude;MFH;;;22;Rauchzeug;Rauchen;1;w;69;;;;;;;;
1992;BE;0;04.03.1992;330000;12285000;29;Gemischte Wohngebäude;Wohn-Geschäftsh.;;;19;übrige Feuerungsanlagen;Kochplatte eingesch.;1;w;69;;;;;;;;
1992;BS;0;05.03.1992;33404;13532000;29;Gemischte Wohngebäude;Wohn-Geschäftsh.;;;22;Rauchzeug;Rauchen im Bett;1;w;63;;;;;;;;
1992;ZH;0;12.03.1992;32000;1337000;20;Reine Wohngebäude;;;;22;Rauchzeug;Rauchen;1;m;73;;;;;;;;
1992;SG;0;14.03.1992;5037700;8007000;19;Übrige Verwaltungs-öffentliche Gebäude;Altstadtgebäude;;;22;Rauchzeug;Verm. Raucherwaren;4;m;32;m;24;m;21;m;77;;
1992;BE;0;15.03.1992;715000;1620000;29;Gemischte Wohngebäude;Wohn-Geschäftsh.;;;73;Brandstiftung durch Unbekannte;Brandstiftung;1;m;27;;;;;;;;
1992;SZ;1;18.03.1992;;;19;Übrige Verwaltungs-öffentliche Gebäude;Gadenhaus;;;19;übrige Feuerungsanlagen;verm. Holzheizung;1;m;;;;;;;;;
1992;ZG;0;21.03.1992;877700;1000000;29;Gemischte Wohngebäude;WH mit Gewerbe;;;91;unbekannt;;1;m;35;;;;;;;;
1992;BL;0;11.04.1992;291200;395000;20;Reine Wohngebäude;EFH;;;73;Brandstiftung durch Unbekannte;Brandstiftung;2;m;2;m;4;;;;;;
1992;BE;0;14.04.1992;1800000;2641000;29;Gemischte Wohngebäude;WH mit Gewerbe;;;22;Rauchzeug;Raucherwaren/Kerze;1;m;85;;;;;;;;
1992;AG;0;30.04.1992;150283;236000;29;Gemischte Wohngebäude;WH, Scheune;;;52;Mängel an Apparaten;TV-Brand;1;w;83;;;;;;;;
1992;BL;0;05.05.1992;2000;713000;20;Reine Wohngebäude;WH;;1;49;übrige Explosionen;Explosion Heiztank;1;m;;;;;;;;;
1992;VD;0;19.06.1992;;2829000;20;Reine Wohngebäude;;;4;23;Kerzen;;1;w;31;;;;;;;;
1992;ZH;0;20.06.1992;23000;1601000;20;Reine Wohngebäude;MFH;;;22;Rauchzeug;Zündflüssigkeit;1;w;51;;;;;;;;
1992;GE;1;29.07.1992;;;20;Reine Wohngebäude;;;;73;Brandstiftung durch Unbekannte;;1;m;43;;;;;;;;
1992;BL;0;17.08.1992;199790;6720000;20;Reine Wohngebäude;MFH;;8;91;unbekannt;Suizid;1;m;;;;;;;;;
1992;SG;0;06.09.1992;240000;240000;29;Gemischte Wohngebäude;Scheune;;;52;Mängel an Apparaten;Schneidbrenner;1;m;20;;;;;;;;
1992;FR;0;18.09.1992;1092;1550000;20;Reine Wohngebäude;;;4;22;Rauchzeug;Rauchen;1;m;44;;;;;;;;
1992;SO;0;16.11.1992;50000;574000;20;Reine Wohngebäude;;;;22;Rauchzeug;Raucherwaren;1;m;34;;;;;;;;
1992;SH;0;17.12.1992;35000;1773000;20;Reine Wohngebäude;MFH;;3;23;Kerzen;Kerze/Alkohol;1;w;70;;;;;;;;
1992;SG;0;17.12.1992;250000;454000;20;Reine Wohngebäude;;;3;41;Gasexplosion;;1;w;76;;;;;;;;
1992;SG;0;24.12.1992;376000;376000;20;Reine Wohngebäude;;;;29;übrige bstimmungsmässiges Feuer;Adventskranz;2;m;85;w;47;;;;;;
1992;ZH;0;26.12.1992;90000;677000;20;Reine Wohngebäude;;;;19;übrige Feuerungsanlagen;Holzofen;1;w;89;;;;;;;;
1992;BE;0;27.12.1992;25000;688000;20;Reine Wohngebäude;;;;22;Rauchzeug;Raucherwaren;1;m;85;;;;;;;;
1991;JU;0;07.02.1991;380000;418000;20;Reine Wohngebäude;;;2;59;übrige Elektrizität;Leitung auftauen;1;m;73;;;;;;;;
1991;GE;1;13.02.1991;;;20;Reine Wohngebäude;;;;41;Gasexplosion;;1;w;35;;;;;;;;
1991;GE;1;19.02.1991;;;20;Reine Wohngebäude;;;;91;unbekannt;;1;m;46;;;;;;;;
1991;BE;0;07.03.1991;12000;37000;20;Reine Wohngebäude;Nebengeb./Garage;;;59;übrige Elektrizität;Papiertrocknungsm.;1;m;70;;;;;;;;
1991;BE;0;10.03.1991;37400;1484000;20;Reine Wohngebäude;MFH;;;53;Unsachgemässe Verwendung von Apparaten;Toaster überhitzt;1;w;89;;;;;;;;
1991;LU;0;14.03.1991;10000;375000;20;Reine Wohngebäude;;;;49;übrige Explosionen;Kochherd;1;w;53;;;;;;;;
1991;ZH;0;16.03.1991;500;1047000;20;Reine Wohngebäude;;;;49;übrige Explosionen;Gasherd;1;w;78;;;;;;;;
1991;SO;0;30.03.1991;115991;424000;20;Reine Wohngebäude;MFH;;3;52;Mängel an Apparaten;Fernsehgerät;1;m;27;;;;;;;;
1991;VD;0;08.04.1991;;;19;Übrige Verwaltungs-öffentliche Gebäude;Heim EMS;;;22;Rauchzeug;Rauchen;1;m;70;;;;;;;;
1991;BE;0;20.04.1991;210000;469000;20;Reine Wohngebäude;MFH;;2;91;unbekannt;;1;m;38;;;;;;;;
1991;AG;0;27.04.1991;80000;539000;20;Reine Wohngebäude;;;;22;Rauchzeug;Rauchen im Bett;1;m;32;;;;;;;;
1991;ZH;0;27.04.1991;1800000;1874000;29;Gemischte Wohngebäude;WH/Restaurant;;;73;Brandstiftung durch Unbekannte;Brandstiftung;2;w;43;m;53;;;;;;
1991;GR;0;30.04.1991;9559;33000;29;Gemischte Wohngebäude;Garage;;;91;unbekannt;Suizid;1;m;68;;;;;;;;
1991;AR;0;07.05.1991;545000;616000;20;Reine Wohngebäude;;;4;29;übrige bstimmungsmässiges Feuer;Küchenbrand;1;m;59;;;;;;;;
1991;GE;1;22.05.1991;;;29;Gemischte Wohngebäude;Kleines Holzhaus;;;91;unbekannt;;1;m;49;;;;;;;;
1991;VD;0;21.06.1991;310000;319000;20;Reine Wohngebäude;WH/Garage;;;41;Gasexplosion;;1;m;26;;;;;;;;
1991;ZH;0;11.07.1991;26800;184000;29;Gemischte Wohngebäude;Garagengebäude;;;49;übrige Explosionen;Explosionen;1;m;64;;;;;;;;
1991;BE;0;16.07.1991;1625000;6450000;19;Übrige Verwaltungs-öffentliche Gebäude;Anstalten;;;91;unbekannt;;1;m;21;;;;;;;;
1991;VS;1;16.07.1991;;;19;Übrige Verwaltungs-öffentliche Gebäude;Asilantenheim;;;22;Rauchzeug;Vermutlich rauchen;1;m;;;;;;;;;
1991;AG;0;31.07.1991;21733;321000;21;Reine Wohngebäude;;;;91;unbekannt;Suizid;1;m;68;;;;;;;;
1991;GE;1;20.08.1991;;;79;Übrige Industrie und Gewerbe;Spenglerei;;;91;unbekannt;;1;m;59;;;;;;;;
1991;AG;0;31.08.1991;52158;2538000;21;Reine Wohngebäude;WH/Restaurant;;;91;unbekannt;Suizid;1;w;53;;;;;;;;
1991;TG;0;05.09.1991;245000;245000;21;Reine Wohngebäude;;;;22;Rauchzeug;Feuerzeug/Kerze;2;w;88;m;47;;;;;;
1991;AG;0;16.10.1991;269726;430000;21;Reine Wohngebäude;WH/Schopf/Garage;;;49;übrige Explosionen;Spirituskocher;1;w;81;;;;;;;;
1991;LU;0;19.10.1991;80000;1828000;21;Reine Wohngebäude;MFH;;;22;Rauchzeug;;1;m;23;;;;;;;;
1991;ZH;0;01.11.1991;20500;2921000;21;Reine Wohngebäude;MFH;;;19;übrige Feuerungsanlagen;Herdplatte eing.;1;m;34;;;;;;;;
1991;ZH;0;12.11.1991;626000;3342000;81;Gastwirtschaftsbetriebe;Restaurant;;;22;Rauchzeug;Rauchen;1;m;57;;;;;;;;
1991;JU;0;21.11.1991;;;21;Reine Wohngebäude;;;;49;übrige Explosionen;Gaskochherd;1;w;84;;;;;;;;
1991;SG;0;08.12.1991;200000;955000;21;Reine Wohngebäude;;;;91;unbekannt;;1;w;96;;;;;;;;
1991;AG;0;13.12.1991;13169;628000;21;Reine Wohngebäude;WH/Scheune;;;23;Kerzen;;1;w;84;;;;;;;;
1990;VD;0;06.01.1990;;108000;21;Reine Wohngebäude;WH/Werkstatt;;;22;Rauchzeug;Rauchen im Bett;1;m;40;;;;;;;;
1990;GR;0;12.01.1990;395000;477000;21;Reine Wohngebäude;;;2;91;unbekannt;;1;w;77;;;;;;;;
1990;VS;1;19.01.1990;;;21;Reine Wohngebäude;;;;91;unbekannt;;1;m;25;;;;;;;;
1990;GR;0;21.01.1990;20000;407000;21;Reine Wohngebäude;;;2;23;Kerzen;Kerze/Alkohol;1;m;20;;;;;;;;
1990;SG;0;24.02.1990;150000;1770000;29;Gemischte Wohngebäude;Wohn/geschh.;;3;22;Rauchzeug;Rauchen;1;w;52;;;;;;;;
1990;BL;0;22.03.1990;188000;1027000;21;Reine Wohngebäude;MFH;;2;91;unbekannt;;1;m;24;;;;;;;;
1990;NE;0;18.04.1990;645000;1829000;29;Gemischte Wohngebäude;WH/Geschäftshaus;;;73;Brandstiftung durch Unbekannte;Brandstiftung;1;w;83;;;;;;;;
1990;GE;1;23.04.1990;;;21;Reine Wohngebäude;MFH;;5;91;unbekannt;;1;w;15;;;;;;;;
1990;LU;0;27.04.1990;50150;1519000;21;Reine Wohngebäude;MFH;;;22;Rauchzeug;Rauchen;1;m;77;;;;;;;;
1990;NE;0;02.05.1990;250000;8000000;79;Übrige Industrie und Gewerbe;Industr./Handel;;;49;übrige Explosionen;Expl. Dämpfe Klebst.;1;m;41;;;;;;;;
1990;BE;0;08.05.1990;5000000;597000;21;Reine Wohngebäude;MFH;;1;52;Mängel an Apparaten;Tischlampe;1;w;71;;;;;;;;
1990;AG;0;10.05.1990;1800000;2510000;21;Reine Wohngebäude;MFH;;1;49;übrige Explosionen;Expl. Elektrospeicher Kind 7 Mte.;3;m;23;w;24;w;1;;;;
1990;BE;0;28.05.1990;60000;1714000;19;Übrige Verwaltungs-öffentliche Gebäude;Altersheim;;3;22;Rauchzeug;Rauchen im Bett;1;m;89;;;;;;;;
1990;AG;0;28.06.1990;42656;2762000;21;Reine Wohngebäude;MFH;;;22;Rauchzeug;Rauchen;1;m;70;;;;;;;;
1990;VS;1;17.07.1990;;;21;Reine Wohngebäude;Ferienhaus;;;49;übrige Explosionen;Gasflasche expld.;1;m;67;;;;;;;;
1990;VS;1;28.07.1990;10000000;;71;Chemische Industrie;Lonza-Chemiewerk;;;49;übrige Explosionen;Chemieexplosion;1;m;56;;;;;;;;
1990;VD;0;31.07.1990;104500;104000;21;Reine Wohngebäude;Wochenendhaus;;;91;unbekannt;Expl. Gasflasche;1;m;55;;;;;;;;
1990;GE;1;11.08.1990;;;19;Übrige Verwaltungs-öffentliche Gebäude;Hotel;;;91;unbekannt;;2;w;63;w;36;;;;;;
1990;SG;0;16.08.1990;10000;73000;29;Gemischte Wohngebäude;Remise/Garage;;;91;unbekannt;Suizid;1;w;58;;;;;;;;
1990;VD;0;20.08.1990;60000;2456000;21;Reine Wohngebäude;WH/Laden;;;91;unbekannt;Suizid;1;m;27;;;;;;;;
1990;BE;0;02.09.1990;200000;524000;21;Reine Wohngebäude;WH/Büro;;2;22;Rauchzeug;Rauchen im Bett;1;m;33;;;;;;;;
1990;ZH;0;20.10.1990;150000;656000;21;Reine Wohngebäude;MFH;;;73;Brandstiftung durch Unbekannte;Brandstiftung;1;m;30;;;;;;;;
1990;AG;0;21.10.1990;266985;589000;29;Gemischte Wohngebäude;WH/Geschäftshaus;;;22;Rauchzeug;Rauchen im Bett;1;m;40;;;;;;;;
1990;TI;1;03.11.1990;;;21;Reine Wohngebäude;MFH;;;22;Rauchzeug;Rauchen;1;w;71;;;;;;;;
1990;BE;0;16.11.1990;2000;1737000;13;Spitalgebäude, Pflegeheim;Wohn-/Pflegeheim;;;22;Rauchzeug;Rauchen/Alkohol;1;m;57;;;;;;;;
1990;SG;0;25.11.1990;50000;914000;21;Reine Wohngebäude;MFH;;;23;Kerzen;;1;m;3;;;;;;;;
1990;SZ;1;29.11.1990;;;21;Reine Wohngebäude;MFH;;;73;Brandstiftung durch Unbekannte;Kind 8 Mte;1;o;1;;;;;;;;
1990;TG;0;14.12.1990;30000;390000;21;Reine Wohngebäude;;;;73;Brandstiftung durch Unbekannte;Brandstiftung;1;m;78;;;;;;;;
1990;VD;0;14.12.1990;17000;14872000;21;Reine Wohngebäude;WH/Laden;;;23;Kerzen;;1;w;78;;;;;;;;
1989;AG;0;01.01.1989;20000;27000;29;Gemischte Wohngebäude;WH/Scheune;;;19;übrige Feuerungsanlagen;Defekter Oelofen;1;m;73;;;;;;;;
1989;ZH;0;02.01.1989;5735;5686000;13;Spitalgebäude, Pflegeheim;Alters u. Pflegeheim;;;23;Kerzen;;1;w;78;;;;;;;;
1989;SG;0;02.01.1989;492000;560000;29;Gemischte Wohngebäude;WH/ Drechslerei;;;29;übrige bstimmungsmässiges Feuer;Christbaumbrand Kind 1.1/2 Jahre ;1;w;1;;;;;;;;
1989;GL;0;03.01.1989;905408;2959000;21;Reine Wohngebäude;MFH;;3;23;Kerzen;Spielen mit Kerzen;2;w;4;m;27;;;;;;
1989;VS;1;16.01.1989;;;21;Reine Wohngebäude;Appartementhaus;;;91;unbekannt;;2;w;;m;;;;;;;
1989;TI;1;21.01.1989;;;13;Spitalgebäude, Pflegeheim;Spital;;;22;Rauchzeug;Rauchen im Bett;1;w;51;;;;;;;;
1989;FR;0;23.01.1989;57681;761000;21;Reine Wohngebäude;;;;91;unbekannt;;1;m;7;;;;;;;;
1989;ZH;0;26.01.1989;230000;4399000;29;Gemischte Wohngebäude;Geschäftshaus;;;71;Brandstiftung durch Eigentümer oder nahestehende Person;Brandstiftung;1;m;25;;;;;;;;
1989;VS;1;12.02.1989;;;21;Reine Wohngebäude;;;;91;unbekannt;;1;m;6;;;;;;;;
1989;ZH;0;18.02.1989;118000;335000;21;Reine Wohngebäude;;;;71;Brandstiftung durch Eigentümer oder nahestehende Person;Brandstiftung;1;m;46;;;;;;;;
1989;ZH;0;02.05.1989;4100;9516000;13;Spitalgebäude, Pflegeheim;Spitalgebäude;;;22;Rauchzeug;Rauchen;1;w;80;;;;;;;;
1989;ZH;0;22.05.1989;25000;1903000;21;Reine Wohngebäude;;;;91;unbekannt;Suizid;1;m;34;;;;;;;;
1989;GR;0;02.07.1989;152000;134000;29;Gemischte Wohngebäude;Einstellhalle mit Wohnung;;;91;unbekannt;;4;m;40;m;18;m;11;m;10;;
1989;GE;1;29.07.1989;;;21;Reine Wohngebäude;;;;22;Rauchzeug;Rauchen im Bett;1;m;50;;;;;;;;
1989;NW;0;05.08.1989;5621;450000;21;Reine Wohngebäude;Bauernhaus;;3;61;Direkte Blitzschläge;;1;m;21;;;;;;;;
1989;AG;0;14.08.1989;800000;1270000;29;Gemischte Wohngebäude;Scheune/Anbau;;;91;unbekannt;;1;m;28;;;;;;;;
1989;FR;0;26.08.1989;4059;257000;29;Gemischte Wohngebäude;WH/Scheune;;;91;unbekannt;;1;m;76;;;;;;;;
1989;BE;0;18.09.1989;63800;58000;29;Gemischte Wohngebäude;Scheune;;;22;Rauchzeug;Rauchen;1;m;62;;;;;;;;
1989;BE;0;20.09.1989;651000;686000;21;Reine Wohngebäude;Fereienhaus;;;71;Brandstiftung durch Eigentümer oder nahestehende Person;Brandstiftung;1;w;42;;;;;;;;
1989;BE;0;25.09.1989;50000;107000;29;Gemischte Wohngebäude;Scheune;;;61;Direkte Blitzschläge;;1;w;29;;;;;;;;
1989;SG;0;08.10.1989;80000;553000;29;Gemischte Wohngebäude;EFH/Postbüro;;;22;Rauchzeug;Rauchen;1;w;84;;;;;;;;
1989;VD;0;15.10.1989;3500;804000;29;Gemischte Wohngebäude;WH/Werkstatt;;;91;unbekannt;Geisteskrankheit;1;m;20;;;;;;;;
1989;SO;0;16.11.1989;;;29;Gemischte Wohngebäude;Wohnwagen;;;91;unbekannt;;2;0;2;0;4;;;;;;
1989;AG;0;20.11.1989;60000;60000;29;Gemischte Wohngebäude;EFH/Tenn;;;19;übrige Feuerungsanlagen;Elektrischer Ofen;1;m;61;;;;;;;;
1989;LU;0;23.11.1989;211000;275000;29;Gemischte Wohngebäude;WH/Scheune;;;19;übrige Feuerungsanlagen;Asche aus Ofen;1;w;80;;;;;;;;
1989;LU;0;06.12.1989;520000;506000;29;Gemischte Wohngebäude;WH/Scheune;;;91;unbekannt;;1;m;77;;;;;;;;
1989;VD;0;09.12.1989;15000;2884000;21;Reine Wohngebäude;WH/Garage;;;22;Rauchzeug;Rauchen im Bett;1;m;41;;;;;;;;
1989;BE;0;28.12.1989;156500;147000;10;Bürogebäude;;;;59;übrige Elektrizität;Def. elektr. Isol.;1;m;48;;;;;;;;
1988;LU;0;13.01.1988;35000;162000;29;Gemischte Wohngebäude;WH/Scheune;;;22;Rauchzeug;Rauchen;1;m;84;;;;;;;;
1988;AG;0;29.01.1988;192000;383000;29;Gemischte Wohngebäude;Käserei m. Wohnung;;;29;übrige bstimmungsmässiges Feuer;Spielen mit Feuer;2;w;3;m;73;;;;;;
1988;ZH;0;14.02.1988;6255000;102571000;80;Hotelbetriebe;Hotel mit Restaurant;;28;19;übrige Feuerungsanlagen;Brennsprit-Rechaud;5;m;19;m;25;m;52;m;62;w;52
1988;JU;0;25.02.1988;95000;610000;21;Reine Wohngebäude;MFH;;3;59;übrige Elektrizität;Elektr. Radiator;1;w;90;;;;;;;;
1988;VD;0;04.03.1988;75000;5883000;21;Reine Wohngebäude;MFH;;5;22;Rauchzeug;Rauchen;1;w;46;;;;;;;;
1988;VD;0;05.04.1988;533300;1055000;21;Reine Wohngebäude;EFH;;3;22;Rauchzeug;Rauchen;1;w;56;;;;;;;;
1988;NE;0;17.04.1988;14055;854000;21;Reine Wohngebäude;EFH mit Laden;;;22;Rauchzeug;Rauchen im Bett;1;m;31;;;;;;;;
1988;BL;0;21.04.1988;700000;7322000;79;Übrige Industrie und Gewerbe;Mehl-Mischbetrieb;;;49;übrige Explosionen;Explosion;2;m;54;m;22;;;;;;
1988;FR;0;24.04.1988;40000;;21;Reine Wohngebäude;MFH;;;22;Rauchzeug;Rauchen;1;m;73;;;;;;;;
1988;ZH;0;12.05.1988;104441;118000;21;Reine Wohngebäude;Scheune;;;23;Kerzen;;1;m;15;;;;;;;;
1988;GE;1;06.06.1988;;;21;Reine Wohngebäude;MFH;;;22;Rauchzeug;Rauchen;1;w;42;;;;;;;;
1988;VD;0;26.06.1988;6677;2195000;21;Reine Wohngebäude;Wohnhaus-Garage;;;22;Rauchzeug;Rauchen;1;m;32;;;;;;;;
1988;SG;0;22.09.1988;300000;320000;21;Reine Wohngebäude;EFH;;3;23;Kerzen;;1;m;14;;;;;;;;
1988;BE;0;26.09.1988;57000;890000;21;Reine Wohngebäude;MFH;;4;91;unbekannt;Suizid;1;m;15;;;;;;;;
1988;VD;0;30.09.1988;121380;3673000;21;Reine Wohngebäude;MFH;;7;71;Brandstiftung durch Eigentümer oder nahestehende Person;Brandstiftung;1;w;83;;;;;;;;
1988;GE;1;06.10.1988;;;21;Reine Wohngebäude;MFH;;;91;unbekannt;;1;w;;;;;;;;;
1988;TI;1;17.10.1988;;;;keine Angabe;;;;91;unbekannt;;1;w;75;;;;;;;;
1988;BE;0;02.11.1988;15000;342000;29;Gemischte Wohngebäude;Werkahalle/Wohnung;;;91;unbekannt;;2;m;6;w;6;;;;;;
1988;VD;0;04.11.1988;12179;522000;21;Reine Wohngebäude;MFH;;;91;unbekannt;Suizid;1;m;36;;;;;;;;
1988;ZH;0;02.12.1988;20000;422000;21;Reine Wohngebäude;EFH;;3;91;unbekannt;Suizid;1;m;34;;;;;;;;
1988;GE;1;25.12.1988;;;21;Reine Wohngebäude;MFH;;;91;unbekannt;;1;m;25;;;;;;;;
1988;FR;0;25.12.1988;65679;157000;21;Reine Wohngebäude;EFH;;;59;übrige Elektrizität;Elektr. Heizung;1;m;66;;;;;;;;
1988;BS;0;31.12.1988;330745;50182000;13;Spitalgebäude, Pflegeheim;Spitalgebäude;;;71;Brandstiftung durch Eigentümer oder nahestehende Person;Brandstiftung;2;w;23;w;83;;;;;;
1987;TG;0;05.01.1987;7500;228000;21;Reine Wohngebäude;EFH;;2;49;übrige Explosionen;Petrol entzündung;1;w;87;;;;;;;;
1987;AG;0;18.01.1987;15999;879000;21;Reine Wohngebäude;MFH;;;91;unbekannt;Suizid;1;m;22;;;;;;;;
1987;ZG;0;26.02.1987;787160;710000;21;Reine Wohngebäude;MFH;;3;22;Rauchzeug;Rauchen;2;m;53;m;75;;;;;;
1987;GE;1;02.03.1987;;;21;Reine Wohngebäude;EFH;;;91;unbekannt;;1;m;72;;;;;;;;
1987;SZ;1;22.03.1987;4000;4000;29;Gemischte Wohngebäude;Waldhütte;;;23;Kerzen;;3;m;18;m;20;m;21;;;;
1987;BS;0;23.03.1987;2243;653000;21;Reine Wohngebäude;MFH mit Laden;;3;59;übrige Elektrizität;Kochherdplatte;1;m;71;;;;;;;;
1987;BS;0;26.03.1987;23205;528000;21;Reine Wohngebäude;MFH;;4;23;Kerzen;;1;w;83;;;;;;;;
1987;GL;0;07.04.1987;141000;938000;21;Reine Wohngebäude;MFH;;3;91;unbekannt;Kerze;1;w;24;;;;;;;;
1987;VD;0;07.04.1987;346000;;21;Reine Wohngebäude;EFH;;;49;übrige Explosionen;Explosion;1;m;59;;;;;;;;
1987;GR;0;15.04.1987;133800;123000;29;Gemischte Wohngebäude;Landwirtschaft;;;91;unbekannt;;1;w;19;;;;;;;;
1987;VD;0;17.04.1987;20000;117600;29;Gemischte Wohngebäude;Week-end Haus;;;49;übrige Explosionen;Küchenexplosion;1;m;53;;;;;;;;
1987;VD;0;23.05.1987;281000;;80;Hotelbetriebe;Hotel;;;22;Rauchzeug;Rauchen;1;m;38;;;;;;;;
1987;ZH;0;13.06.1987;50000;;21;Reine Wohngebäude;MFH;;;91;unbekannt;Küche;1;m;25;;;;;;;;
1987;ZG;0;17.06.1987;;568000;21;Reine Wohngebäude;MFH;;3;22;Rauchzeug;Rauchen;1;m;66;;;;;;;;
1987;BS;0;17.06.1987;35000;3477000;21;Reine Wohngebäude;MFH;;5;22;Rauchzeug;Rauchen im Bett;1;w;71;;;;;;;;
1987;VD;0;18.06.1987;364000;;21;Reine Wohngebäude;MFH;;;49;übrige Explosionen;Explosion;2;m;74;m;82;;;;;;
1987;ZG;0;20.06.1987;;327000;21;Reine Wohngebäude;MFH;;2;91;unbekannt;Suizid;1;m;22;;;;;;;;
1987;SZ;1;10.07.1987;50000;500000;79;Übrige Industrie und Gewerbe;Werkstatt/Lager;;;41;Gasexplosion;;1;m;50;;;;;;;;
1987;GL;0;18.07.1987;12000;182000;21;Reine Wohngebäude;EFH;;2;91;unbekannt;;1;m;72;;;;;;;;
1987;BS;0;08.08.1987;7166;1505000;21;Reine Wohngebäude;MFH;;5;22;Rauchzeug;Rauchen im Bett;1;m;68;;;;;;;;
1987;ZH;0;31.08.1987;;;21;Reine Wohngebäude;MFH;;;91;unbekannt;;1;m;58;;;;;;;;
1987;NE;0;04.10.1987;35000;553000;21;Reine Wohngebäude;Wohngeb. mit Garage;;;91;unbekannt;;1;m;57;;;;;;;;
1987;ZH;0;25.10.1987;33028;3129000;21;Reine Wohngebäude;MFH;;4;22;Rauchzeug;Rauchen;1;w;58;;;;;;;;
1987;ZH;0;25.12.1987;441000;1750000;29;Gemischte Wohngebäude;MFH mit Restaurant;;;23;Kerzen;Wunderkerze;1;m;47;;;;;;;;
